investigating_agency,roadway_number,building_number,roadway_name,roadway_suffix,roadway_direction,milepoint,intersection_roadway_number,intersection_roadway_name,between_street_number_1,between_street_name_1,between_street_number_2,between_street_name_2,units_involved,motor_vehicles_involved,killed,injured,weather,roadway_condition,hit_and_run,roadway_type,directional_analysis,manner_of_collision,roadway_character,light_condition,secondary_collision,date,latitude,longitude,injury_indicator,fatality_indicator,day_of_week
LOUISVILLE METRO POLICE DEPT,,,EWING,AVE,S,0.002,US0060,FRANKFORT,,,,,2,1,0,1,CLEAR,DRY,True,LOCAL STREET,COLLISION WITH BICYCLE,SINGLE VEHICLE,STRAIGHT & LEVEL,DAYLIGHT,False,2010-11-17 16:10:00-05:00,38.2537438,-85.6998494,True,False,WEDNESDAY
JEFFERSONTOWN POLICE DEPT,KY1747,,HURSTBOURNE,PKWY,S,12.868,,,,WESSEX,,STONE CREEK,2,1,1,0,CLOUDY,DRY,False,STATE,COLLISION WITH BICYCLIST,SINGLE VEHICLE,STRAIGHT & LEVEL,DARK-HWY NOT LIGHTED,False,2010-11-19 04:45:00-05:00,38.2371502,-85.5769754,False,True,FRIDAY
LOUISVILLE METRO POLICE DEPT,,,GRINSTEAD,DR,,0.0,US0060A,LEXINGTON,,,,,2,1,0,1,CLEAR,DRY,False,LOCAL STREET,COLLISION WITH BICYCLE,SINGLE VEHICLE,CURVE & LEVEL,DAYLIGHT,False,2010-11-22 10:55:00-05:00,38.2455368,-85.7015478,True,False,MONDAY
JEFFERSONTOWN POLICE DEPT,KY1747,,HURSTBOURNE,PKWY,S,10.68,,GREENE,,,,,2,1,0,0,CLEAR,DRY,False,STATE,COLLISION WITH BICYCLE,SINGLE VEHICLE,STRAIGHT & LEVEL,DUSK,False,2010-11-28 17:50:00-05:00,38.2120282,-85.5955209,False,False,SUNDAY
LOUISVILLE METRO POLICE DEPT,,,GREEN MEADOWS,DR,,0.002,,HIKES,,,,,2,1,0,0,CLEAR,DRY,False,LOCAL STREET,COLLISION WITH BICYCLE,SINGLE VEHICLE,STRAIGHT & LEVEL,DAYLIGHT,False,2010-12-10 16:00:00-05:00,38.200927,-85.6570268,False,False,FRIDAY
LOUISVILLE METRO POLICE DEPT,,,WHEELER,AVE,,0.652,,BICKNELL,,,,,2,1,0,1,RAINING,WET,True,LOCAL STREET,COLLISION WITH BICYCLE,SINGLE VEHICLE,STRAIGHT & LEVEL,DAYLIGHT,False,2010-12-11 16:55:00-05:00,38.1834292,-85.7889063,True,False,SATURDAY
LOUISVILLE METRO POLICE DEPT,KY0061,,JACKSON,ST,S,12.286,US0150,BROADWAY,,,,,2,1,0,1,CLEAR,DRY,False,STATE,COLLISION WITH BICYCLE,SINGLE VEHICLE,STRAIGHT & LEVEL,DAYLIGHT,False,2010-12-13 13:55:00-05:00,38.2451107,-85.745617,True,False,MONDAY
LOUISVILLE METRO POLICE DEPT,US0031E,,BAXTER,AVE,,16.43,,LIBERTY,,,,,2,1,0,0,CLOUDY,DRY,True,FEDERAL,COLLISION WITH BICYCLE,SIDESWIPE-SAME DIRECTION,STRAIGHT & LEVEL,DUSK,False,2010-12-15 17:40:00-05:00,38.249866667,-85.731766667,False,False,WEDNESDAY
LOUISVILLE METRO POLICE DEPT,,,DELOR,AVE,,0.411,US0060A,EASTERN,,,,,2,1,0,0,CLOUDY,WET,False,LOCAL STREET,COLLISION WITH BICYCLE,SINGLE VEHICLE,STRAIGHT & LEVEL,DARK-HWY LIGHTED/ON,False,2010-12-20 00:00:00-05:00,38.216959,-85.7383461,False,False,MONDAY
LOUISVILLE METRO POLICE DEPT,KY1020,,3RD,ST,S,11.319,,OAK,,,,,2,1,0,1,CLOUDY,DRY,False,STATE,COLLISION WITH BICYCLE,SINGLE VEHICLE,STRAIGHT & LEVEL,DAYLIGHT,False,2010-12-22 08:41:00-05:00,38.234906,-85.7586438,True,False,WEDNESDAY
LOUISVILLE METRO POLICE DEPT,US0031W,,MARKET,ST,W,20.735,,16TH,,,,,2,1,0,0,CLEAR,DRY,False,FEDERAL,COLLISION WITH BICYCLE,SINGLE VEHICLE,STRAIGHT & LEVEL,DAYLIGHT,False,2010-12-29 12:10:00-05:00,38.2574258,-85.7766299,False,False,WEDNESDAY
LOUISVILLE METRO POLICE DEPT,KY1934,,CANE RUN,RD,,9.37,,KRAMERS,,,,,2,1,0,1,CLEAR,DRY,False,STATE,COLLISION WITH BICYCLE,SINGLE VEHICLE,STRAIGHT & LEVEL,DAYLIGHT,False,2011-01-10 15:04:00-05:00,38.2011854,-85.8349285,True,False,MONDAY
LOUISVILLE METRO POLICE DEPT,,,7TH,ST,S,0.036,,,,INDUSTRY,KY2054,ALGONQUIN,2,1,0,1,CLOUDY,DRY,False,LOCAL STREET,COLLISION WITH BICYCLIST,SINGLE VEHICLE,STRAIGHT & LEVEL,DAYLIGHT,False,2011-01-14 14:00:00-05:00,38.2204362,-85.7769192,True,False,FRIDAY
LOUISVILLE METRO POLICE DEPT,US0031W,7490,DIXIE,HWY,,12.177,,,,,,,2,1,0,1,CLEAR,WET,True,FEDERAL,COLLISION WITH BICYCLIST,SINGLE VEHICLE,STRAIGHT & LEVEL,DARK-HWY NOT LIGHTED,False,2011-01-18 03:39:00-05:00,38.1517595,-85.8365361,True,False,TUESDAY
LOUISVILLE METRO POLICE DEPT,,,MILES,LN,,0.0,KY0061,PRESTON,,,,,2,1,0,1,CLOUDY,WET,False,LOCAL STREET,COLLISION WITH BICYCLE,SINGLE VEHICLE,STRAIGHT & LEVEL,DAYLIGHT,False,2011-01-24 12:34:00-05:00,38.1243574,-85.6792188,True,False,MONDAY
LOUISVILLE METRO POLICE DEPT,,,COOPER,ST,,0.105,,,,,,,2,1,0,0,CLOUDY,DRY,False,LOCAL STREET,COLLISION WITH BICYCLIST,SINGLE VEHICLE,STRAIGHT & LEVEL,DARK-HWY LIGHTED/ON,False,2011-01-27 00:45:00-05:00,38.2481133,-85.728174,False,False,THURSDAY
LOUISVILLE METRO POLICE DEPT,,,JEFFERSON,ST,W,0.718,I 0064,I64 W EXIT4 OFF RAMP TO S ROY WILKINS AV,,,,,2,1,0,1,CLOUDY,DRY,False,LOCAL STREET,COLLISION WITH BICYCLE,SINGLE VEHICLE,STRAIGHT & LEVEL,DAYLIGHT,False,2011-02-02 14:40:00-05:00,38.2547285,-85.765119,True,False,WEDNESDAY
LOUISVILLE METRO POLICE DEPT,US0031E,,BARDSTOWN,RD,,15.052,,,,LONGEST,,ROSEWOOD,2,1,0,1,CLEAR,DRY,False,FEDERAL,COLLISION WITH BICYCLIST,SINGLE VEHICLE,STRAIGHT & LEVEL,DUSK,False,2011-02-03 19:08:00-05:00,38.2353418,-85.7153963,True,False,THURSDAY
LOUISVILLE METRO POLICE DEPT,US0150,,BROADWAY,,E,3.196,,HANCOCK,,,,,2,1,0,0,CLEAR,DRY,True,FEDERAL,COLLISION WITH BICYCLE,SINGLE VEHICLE,STRAIGHT & LEVEL,DAYLIGHT,False,2011-02-08 10:05:00-05:00,38.2450273,-85.743442,False,False,TUESDAY
LOUISVILLE METRO POLICE DEPT,,,1ST,ST,S,0.723,US0150,BROADWAY,,,,,2,1,0,1,CLOUDY,DRY,False,LOCAL STREET,COLLISION WITH BICYCLE,SINGLE VEHICLE,STRAIGHT & LEVEL,DAYLIGHT,False,2011-02-14 12:39:00-05:00,38.2457023,-85.7534036,True,False,MONDAY
LOUISVILLE METRO POLICE DEPT,,,PAYNE,ST,,0.106,US0031E,BAXTER,,,,,2,1,0,1,CLEAR,DRY,False,LOCAL STREET,COLLISION WITH BICYCLE,SINGLE VEHICLE,STRAIGHT & LEVEL,DAYLIGHT,False,2011-02-18 17:07:00-05:00,38.2462396,-85.7289554,True,False,FRIDAY
LOUISVILLE METRO POLICE DEPT,US0031E,,BARDSTOWN,RD,,13.249,,,,WEBER,,TREVILIAN,2,1,0,1,CLEAR,DRY,True,FEDERAL,COLLISION WITH BICYCLIST,SINGLE VEHICLE,STRAIGHT & LEVEL,DAYLIGHT,False,2011-03-02 14:20:00-05:00,38.2235586,-85.6867698,True,False,WEDNESDAY
LOUISVILLE METRO POLICE DEPT,US0150,,BROADWAY,,E,3.506,,CAMPBELL,,,,,2,1,0,1,CLOUDY,DRY,False,FEDERAL,COLLISION WITH BICYCLE,ANGLE,STRAIGHT & LEVEL,DAWN,False,2011-03-04 06:50:00-05:00,38.244566667,-85.73765,True,False,FRIDAY
LOUISVILLE METRO POLICE DEPT,KY1065,,OUTER LOOP,,,8.765,,,,SMYRNA,,ROCHELLE,2,1,0,1,CLEAR,DRY,False,STATE,COLLISION WITH BICYCLIST,SINGLE VEHICLE,STRAIGHT & LEVEL,DAYLIGHT,False,2011-03-07 00:00:00-05:00,38.1377308,-85.6373171,True,False,MONDAY
LOUISVILLE METRO POLICE DEPT,KY2052,,SHEPHERDSVILLE,RD,,0.707,,,,WHISPERING HILLS,,MILE OF SUNSHINE,2,1,0,1,CLEAR,DRY,False,STATE,COLLISION WITH BICYCLIST,SINGLE VEHICLE,STRAIGHT & HILLCREST,DAYLIGHT,False,2011-03-12 11:45:00-05:00,38.1484275,-85.6601483,True,False,SATURDAY
LOUISVILLE METRO POLICE DEPT,KY1020,,3RD,ST,S,9.886,US0060A,WINKLER,,,,,2,1,0,0,CLOUDY,DRY,False,STATE,COLLISION WITH BICYCLE,SINGLE VEHICLE,STRAIGHT & GRADE,DAYLIGHT,False,2011-03-15 10:00:00-04:00,38.2104163,-85.7634142,False,False,TUESDAY
LOUISVILLE METRO POLICE DEPT,KY0061,,PRESTON,HWY,,5.99,,,,BENNETT,,VINEWOOD,2,1,0,1,CLEAR,DRY,False,STATE,COLLISION WITH BICYCLIST,SINGLE VEHICLE,STRAIGHT & LEVEL,DAYLIGHT,False,2011-03-16 15:36:00-04:00,38.1648921,-85.7024343,True,False,WEDNESDAY
LOUISVILLE METRO POLICE DEPT,US0060,,SHELBYVILLE,RD,,7.993,,,,,,,2,1,0,1,CLEAR,DRY,False,FEDERAL,COLLISION WITH BICYCLIST,SINGLE VEHICLE,STRAIGHT & LEVEL,DAYLIGHT,False,2011-03-19 15:25:00-04:00,38.2462183,-85.5744255,True,False,SATURDAY
LOUISVILLE METRO POLICE DEPT,,,RUFER,AVE,,,,BARRET,,,,,2,1,0,1,CLEAR,DRY,False,LOCAL STREET,COLLISION WITH BICYCLE,REAR END,STRAIGHT & GRADE,DAYLIGHT,False,2011-03-19 15:52:00-04:00,38.235883333,-85.71665,True,False,SATURDAY
LOUISVILLE METRO POLICE DEPT,US0150,,BROADWAY,,W,2.473,KY1020,3RD,,,,,2,1,0,1,CLEAR,DRY,False,FEDERAL,COLLISION WITH BICYCLE,SINGLE VEHICLE,STRAIGHT & LEVEL,DAYLIGHT,False,2011-03-21 11:35:00-04:00,38.2459978,-85.75674,True,False,MONDAY
LOUISVILLE METRO POLICE DEPT,,,26TH,ST,S,1.515,,HALE,,,,,2,1,0,1,CLEAR,DRY,False,LOCAL STREET,COLLISION WITH BICYCLE,SINGLE VEHICLE,STRAIGHT & LEVEL,DAYLIGHT,False,2011-03-31 00:00:00-04:00,38.2388574,-85.7960916,True,False,THURSDAY
LOUISVILLE METRO POLICE DEPT,KY1931,,7TH STREET,RD,,10.352,,LINCOLN,,,,,2,1,0,1,CLEAR,DRY,False,STATE,COLLISION WITH BICYCLE,SINGLE VEHICLE,STRAIGHT & LEVEL,DAYLIGHT,False,2011-04-02 19:00:00-04:00,38.2184678,-85.7791032,True,False,SATURDAY
LOUISVILLE METRO POLICE DEPT,,,ROCK CREEK,DR,,0.167,,,,HUNTINGTON,,CHAMBERRY,2,1,0,1,CLEAR,DRY,False,LOCAL STREET,COLLISION WITH BICYCLIST,SINGLE VEHICLE,STRAIGHT & LEVEL,DAYLIGHT,False,2011-04-03 11:45:00-04:00,38.2442535,-85.6663336,True,False,SUNDAY
LOUISVILLE METRO POLICE DEPT,KY1703,,BAXTER,AVE,,5.492,,GRINSTEAD,,,,,2,1,0,1,CLEAR,DRY,False,STATE,COLLISION WITH BICYCLE,SINGLE VEHICLE,STRAIGHT & LEVEL,DAYLIGHT,False,2011-04-03 18:40:00-04:00,38.2378818,-85.7225161,True,False,SUNDAY
LOUISVILLE METRO POLICE DEPT,KY0061,,PRESTON,ST,S,10.334,,ATWOOD,,,,,2,1,0,0,CLEAR,DRY,False,STATE,COLLISION WITH BICYCLE,SINGLE VEHICLE,STRAIGHT & LEVEL,DAYLIGHT,False,2011-04-07 17:30:00-04:00,38.2170694,-85.7452908,False,False,THURSDAY
LOUISVILLE METRO POLICE DEPT,,,BROADWAY,,W,1.455,,38TH,,,,,2,1,0,1,CLOUDY,DRY,False,LOCAL STREET,COLLISION WITH BICYCLE,SINGLE VEHICLE,STRAIGHT & LEVEL,DARK-HWY LIGHTED/ON,False,2011-04-07 20:43:00-04:00,38.2501217,-85.814924,True,False,THURSDAY
LOUISVILLE METRO POLICE DEPT,,,38TH,ST,N,0.399,,,,DUNCAN,,ALFORD,2,1,0,1,CLEAR,DRY,False,LOCAL STREET,COLLISION WITH BICYCLIST,SINGLE VEHICLE,STRAIGHT & LEVEL,DARK-HWY NOT LIGHTED,False,2011-04-07 21:14:00-04:00,38.2661943,-85.8112836,True,False,THURSDAY
LOUISVILLE METRO POLICE DEPT,,,STRADER,AVE,,0.465,,,,,,,2,1,0,0,CLEAR,DRY,False,LOCAL STREET,COLLISION WITH BICYCLIST,SINGLE VEHICLE,STRAIGHT & LEVEL,DAYLIGHT,False,2011-04-08 11:15:00-04:00,38.1915136,-85.7918274,False,False,FRIDAY
LOUISVILLE METRO POLICE DEPT,KY1450,9111,BLUE LICK,RD,,2.202,,,,,,,2,1,0,1,CLOUDY,DRY,True,STATE,COLLISION WITH BICYCLIST,SINGLE VEHICLE,STRAIGHT & GRADE,DARK-HWY NOT LIGHTED,False,2011-04-08 21:52:00-04:00,38.1167452,-85.6893844,True,False,FRIDAY
LOUISVILLE METRO POLICE DEPT,KY1934,,CANE RUN,RD,,9.112,,,KY2049  ,CRUMS,,KRISTIN,2,1,0,1,CLEAR,DRY,False,STATE,COLLISION WITH BICYCLIST,SINGLE VEHICLE,STRAIGHT & LEVEL,DARK-HWY LIGHTED/ON,False,2011-04-08 22:07:00-04:00,38.1985935,-85.8382991,True,False,FRIDAY
LOUISVILLE METRO POLICE DEPT,,,HOWARD POOLE,ALY,,0.051,,,,,,,2,1,0,1,CLEAR,DRY,True,NONE OF THE ABOVE,COLLISION WITH BICYCLIST,SINGLE VEHICLE,STRAIGHT & LEVEL,DAYLIGHT,False,2011-04-09 17:30:00-04:00,38.2379192,-85.7572435,True,False,SATURDAY
LOUISVILLE METRO POLICE DEPT,,,CLIFF,AVE,,0.318,,WHITNEY,,,,,2,1,0,0,RAINING,WET,False,LOCAL STREET,COLLISION WITH BICYCLE,SINGLE VEHICLE,STRAIGHT & LEVEL,DAYLIGHT,False,2011-04-11 00:00:00-04:00,38.1940499,-85.7750903,False,False,MONDAY
LOUISVILLE METRO POLICE DEPT,,,DIXIE,HWY,,1.036,,WILSON,,,,,2,1,0,1,CLEAR,DRY,False,LOCAL STREET,COLLISION WITH BICYCLE,SINGLE VEHICLE,STRAIGHT & LEVEL,DARK-HWY LIGHTED/ON,False,2011-04-14 06:14:00-04:00,38.2347081,-85.7878832,True,False,THURSDAY
LOUISVILLE METRO POLICE DEPT,,,OLD CANNONS,LN,,0.004,KY2048,CANNONS,,,,,2,1,0,2,CLEAR,DRY,False,LOCAL STREET,COLLISION WITH BICYCLE,SINGLE VEHICLE,STRAIGHT & LEVEL,DAYLIGHT,False,2011-04-14 18:56:00-04:00,38.2416074,-85.660709,True,False,THURSDAY
LOUISVILLE METRO POLICE DEPT,,8006,BRUSH,LN,,0.107,,,,,,,2,1,0,0,CLEAR,DRY,False,LOCAL STREET,COLLISION WITH BICYCLIST,SINGLE VEHICLE,STRAIGHT & LEVEL,DUSK,False,2011-04-19 19:29:00-04:00,38.1503575,-85.6117315,False,False,TUESDAY
LOUISVILLE METRO POLICE DEPT,,,HOERTZ,AVE,,0.006,KY0864,GOSS,,,,,2,1,0,1,CLOUDY,WET,False,LOCAL STREET,COLLISION WITH BICYCLE,SINGLE VEHICLE,STRAIGHT & LEVEL,DAYLIGHT,False,2011-04-23 17:45:00-04:00,38.2277903,-85.7364802,True,False,SATURDAY
LOUISVILLE METRO POLICE DEPT,KY1065,,BEULAH CHURCH,RD,,11.336,,FERNVIEW,,,,,2,1,0,1,RAINING,WET,False,STATE,COLLISION WITH BICYCLE,SINGLE VEHICLE,STRAIGHT & LEVEL,DAYLIGHT,False,2011-04-24 10:35:00-04:00,38.1468632,-85.59533,True,False,SUNDAY
LOUISVILLE METRO POLICE DEPT,US0060A,,TAYLOR,BLVD,,1.994,,,,CALHOUN,,EARL,2,1,0,1,RAINING,WET,False,FEDERAL,COLLISION WITH BICYCLIST,SINGLE VEHICLE,STRAIGHT & LEVEL,DARK-HWY LIGHTED/ON,False,2011-04-25 06:23:00-04:00,38.2032433,-85.7801736,True,False,MONDAY
LOUISVILLE METRO POLICE DEPT,,,9TH,ST,S,0.004,US0150,BROADWAY,,,,,2,1,0,1,CLOUDY,DRY,False,LOCAL STREET,COLLISION WITH BICYCLE,SINGLE VEHICLE,STRAIGHT & LEVEL,DAYLIGHT,False,2011-04-29 13:42:00-04:00,38.2469036,-85.7664448,True,False,FRIDAY
LOUISVILLE METRO POLICE DEPT,,,ALEXANDER,RD,,0.142,,,,WILLOW,,SCENIC,2,1,0,1,CLEAR,DRY,False,LOCAL STREET,COLLISION WITH BICYCLIST,SINGLE VEHICLE,STRAIGHT & GRADE,DAYLIGHT,False,2011-04-30 13:25:00-04:00,38.2370515,-85.707096,True,False,SATURDAY
LOUISVILLE METRO POLICE DEPT,,,IROQUOIS GARDENS,DR,,0.008,KY1865,NEW CUT,,,,,2,1,0,0,CLEAR,DRY,False,LOCAL STREET,COLLISION WITH BICYCLE,SINGLE VEHICLE,STRAIGHT & LEVEL,DAYLIGHT,False,2011-05-03 17:50:00-04:00,38.1543324,-85.7773381,False,False,TUESDAY
LOUISVILLE METRO POLICE DEPT,,,38TH,ST,N,0.582,,MAIN,,,,,2,1,0,1,CLEAR,DRY,False,LOCAL STREET,COLLISION WITH BICYCLE,SINGLE VEHICLE,STRAIGHT & GRADE,DAYLIGHT,False,2011-05-08 13:53:00-04:00,38.2635562,-85.8116755,True,False,SUNDAY
LOUISVILLE METRO POLICE DEPT,KY3064,,NORTHWESTERN,PKWY,,1.509,,,KY3217  ,37TH,,36TH,2,1,0,1,CLEAR,DRY,False,STATE,COLLISION WITH BICYCLIST,SINGLE VEHICLE,STRAIGHT & LEVEL,DAYLIGHT,False,2011-05-10 19:01:00-04:00,38.274447,-85.8081555,True,False,TUESDAY
LOUISVILLE METRO POLICE DEPT,,,HILL,ST,W,,,25TH,,,,,2,1,0,1,CLEAR,DRY,False,LOCAL STREET,COLLISION WITH BICYCLE,ANGLE,STRAIGHT & LEVEL,DAYLIGHT,False,2011-05-12 10:00:00-04:00,38.23,-85.797166667,True,False,THURSDAY
LOUISVILLE METRO POLICE DEPT,,,CRITTENDEN,DR,,0.152,,WARNOCK,,,,,2,1,0,0,CLEAR,DRY,False,LOCAL STREET,COLLISION WITH BICYCLE,SINGLE VEHICLE,STRAIGHT & LEVEL,DAYLIGHT,False,2011-05-12 12:30:00-04:00,38.2146325,-85.7509841,False,False,THURSDAY
LOUISVILLE METRO POLICE DEPT,,10821,GRAFTON HALL,RD,,0.815,,,,,,,2,1,0,1,CLEAR,DRY,False,LOCAL STREET,COLLISION WITH BICYCLIST,SINGLE VEHICLE,STRAIGHT & LEVEL,DAYLIGHT,False,2011-05-14 13:09:00-04:00,38.0941178,-85.8559124,True,False,SATURDAY
LOUISVILLE METRO POLICE DEPT,US0031E,,BARDSTOWN,RD,,13.799,,RUTHERFORD,,,,,2,1,0,1,CLOUDY,WET,False,FEDERAL,COLLISION WITH BICYCLE,SINGLE VEHICLE,STRAIGHT & LEVEL,DARK-HWY LIGHTED/ON,False,2011-05-17 23:13:00-04:00,38.2257107,-85.6964863,True,False,TUESDAY
LOUISVILLE METRO POLICE DEPT,,600,43RD,ST,,,,,,RIVER PARK,,BROADWAY,2,1,0,1,CLEAR,DRY,True,LOCAL STREET,COLLISION WITH BICYCLIST,ANGLE,STRAIGHT & LEVEL,DAYLIGHT,False,2011-05-19 17:03:00-04:00,38.2513,-85.8209,True,False,THURSDAY
LOUISVILLE METRO POLICE DEPT,,,GOLDSMITH,LN,,1.074,US0031E,BARDSTOWN,,,,,2,1,0,0,CLEAR,DRY,False,LOCAL STREET,COLLISION WITH BICYCLE,SINGLE VEHICLE,STRAIGHT & LEVEL,DAYLIGHT,False,2011-05-20 16:29:00-04:00,38.2086509,-85.6688049,False,False,FRIDAY
JEFFERSONTOWN POLICE DEPT,KY1819,,RUCKRIEGEL,PKWY,,8.934,,,,BILLTOWN,,VANTAGE PLAZA,2,1,0,1,CLEAR,DRY,False,STATE,COLLISION WITH BICYCLIST,SINGLE VEHICLE,STRAIGHT & GRADE,DAYLIGHT,True,2011-05-20 17:53:00-04:00,38.1898159,-85.5681789,True,False,FRIDAY
LOUISVILLE METRO POLICE DEPT,,,DIXIE,HWY,,1.434,,BOLLING,,,,,2,1,0,1,CLEAR,DRY,False,LOCAL STREET,COLLISION WITH BICYCLE,SINGLE VEHICLE,STRAIGHT & LEVEL,DAYLIGHT,False,2011-05-20 20:25:00-04:00,38.2292002,-85.7900844,True,False,FRIDAY
LOUISVILLE METRO POLICE DEPT,,,RUDY,LN,,0.831,,HIGHFIELD,,,,,2,1,0,0,CLEAR,DRY,False,LOCAL STREET,COLLISION WITH BICYCLE,SINGLE VEHICLE,STRAIGHT & GRADE,DAYLIGHT,False,2011-05-24 20:06:00-04:00,38.2693017,-85.632707,False,False,TUESDAY
LOUISVILLE METRO POLICE DEPT,KY1865,,TAYLOR,BLVD,,5.284,,BICKNELL,,,,,2,1,0,1,CLEAR,DRY,False,STATE,COLLISION WITH BICYCLE,SINGLE VEHICLE,STRAIGHT & LEVEL,DAYLIGHT,False,2011-05-25 15:21:00-04:00,38.1830984,-85.7837596,True,False,WEDNESDAY
SHIVELY POLICE DEPARTMENT,,1810,CLINTON,PL,,0.105,,,,,,,2,1,0,1,CLEAR,DRY,True,LOCAL STREET,COLLISION WITH BICYCLIST,SINGLE VEHICLE,STRAIGHT & LEVEL,DAYLIGHT,False,2011-05-28 00:00:00-04:00,38.2052129,-85.8015523,True,False,SATURDAY
LOUISVILLE METRO POLICE DEPT,,,DOWNING,WAY,,0.43,,HIKES,,,,,2,1,0,1,CLEAR,DRY,True,LOCAL STREET,COLLISION WITH BICYCLE,SINGLE VEHICLE,STRAIGHT & LEVEL,DAYLIGHT,False,2011-05-28 14:40:00-04:00,38.2027229,-85.654306,True,False,SATURDAY
LOUISVILLE METRO POLICE DEPT,KY1020,,2ND,ST,S,12.097,US0150,BROADWAY,,,,,2,1,0,1,CLEAR,DRY,False,STATE,COLLISION WITH BICYCLE,SINGLE VEHICLE,STRAIGHT & LEVEL,DAYLIGHT,False,2011-05-30 09:28:00-04:00,38.2458366,-85.7550671,True,False,MONDAY
LOUISVILLE METRO POLICE DEPT,,,BARRET,AVE,,0.896,,,,HIGHLAND,,HEPBURN,2,1,0,1,CLEAR,DRY,False,LOCAL STREET,COLLISION WITH BICYCLIST,SINGLE VEHICLE,STRAIGHT & LEVEL,DAYLIGHT,False,2011-05-30 10:09:00-04:00,38.2371431,-85.7287286,True,False,MONDAY
LOUISVILLE METRO POLICE DEPT,,,INVERNESS,AVE,,0.217,,3RD,,,,,2,1,0,1,CLEAR,DRY,False,LOCAL STREET,COLLISION WITH BICYCLE,SINGLE VEHICLE,STRAIGHT & LEVEL,DAYLIGHT,False,2011-05-31 15:21:00-04:00,38.1674004,-85.7687176,True,False,TUESDAY
LOUISVILLE METRO POLICE DEPT,,,WHITNEY,AVE,W,0.452,,CLIFF,,,,,2,1,0,1,CLEAR,DRY,False,LOCAL STREET,COLLISION WITH BICYCLE,SINGLE VEHICLE,STRAIGHT & LEVEL,DAYLIGHT,False,2011-05-31 18:25:00-04:00,38.1938612,-85.7748383,True,False,TUESDAY
LOUISVILLE METRO POLICE DEPT,,,KENWOOD,WAY,W,0.2,,,,1ST,,KENWOOD,2,1,0,0,CLEAR,DRY,False,NONE OF THE ABOVE,COLLISION WITH BICYCLIST,SINGLE VEHICLE,STRAIGHT & LEVEL,DAYLIGHT,False,2011-06-02 13:50:00-04:00,38.1791326,-85.7631176,False,False,THURSDAY
LOUISVILLE METRO POLICE DEPT,,,26TH,ST,N,0.0,,MAIN,,,,,2,1,0,1,CLEAR,DRY,False,LOCAL STREET,COLLISION WITH BICYCLE,SINGLE VEHICLE,STRAIGHT & LEVEL,DARK-HWY LIGHTED/ON,False,2011-06-05 00:45:00-04:00,38.2607303,-85.7935655,True,False,SUNDAY
LOUISVILLE METRO POLICE DEPT,KY1865,,NEW CUT,RD,,1.753,,,,ANGELETTA,,HARPERS FERRY,2,1,0,0,CLEAR,DRY,False,STATE,COLLISION WITH BICYCLIST,SINGLE VEHICLE,CURVE & LEVEL,DAYLIGHT,False,2011-06-05 19:12:00-04:00,38.1326905,-85.7723993,False,False,SUNDAY
LOUISVILLE METRO POLICE DEPT,,,MUHAMMAD ALI,BLVD,W,0.78,,,,VILLAGE WEST,,PLACE VERT,2,1,0,0,CLEAR,DRY,False,LOCAL STREET,COLLISION WITH BICYCLIST,SINGLE VEHICLE,STRAIGHT & LEVEL,DAYLIGHT,False,2011-06-07 14:30:00-04:00,38.2521542,-85.7667197,False,False,TUESDAY
LOUISVILLE METRO POLICE DEPT,,,21ST,ST,N,0.119,,,,,,,2,1,0,1,CLEAR,DRY,False,LOCAL STREET,COLLISION WITH BICYCLIST,SINGLE VEHICLE,STRAIGHT & LEVEL,DAYLIGHT,False,2011-06-08 17:50:00-04:00,38.264406,-85.7833661,True,False,WEDNESDAY
LOUISVILLE METRO POLICE DEPT,KY2052,,SHEPHERDSVILLE,RD,,2.716,,,,BUECHEL BANK,,ARMSMERE,2,1,0,1,CLEAR,DRY,False,STATE,COLLISION WITH BICYCLIST,SINGLE VEHICLE,STRAIGHT & LEVEL,DAYLIGHT,False,2011-06-09 12:20:00-04:00,38.1779791,-85.6593554,True,False,THURSDAY