investigating_agency,roadway_number,building_number,roadway_name,roadway_suffix,roadway_direction,milepoint,intersection_roadway_number,intersection_roadway_name,between_street_number_1,between_street_name_1,between_street_number_2,between_street_name_2,units_involved,motor_vehicles_involved,killed,injured,weather,roadway_condition,hit_and_run,roadway_type,directional_analysis,manner_of_collision,roadway_character,light_condition,secondary_collision,date,latitude,longitude,injury_indicator,fatality_indicator,day_of_week
LOUISVILLE METRO POLICE DEPT,,,HIKES,LN,,2.998,,,KY1932  ,BRECKENRIDGE,,EL CONQUISTADOR,2,1,0,1,CLEAR,DRY,False,LOCAL STREET,COLLISION WITH BICYCLIST,SINGLE VEHICLE,STRAIGHT & GRADE,DAYLIGHT,False,2013-03-29 15:28:00-04:00,38.2178995,-85.62906,True,False,FRIDAY
LOUISVILLE METRO POLICE DEPT,US0031,,CLARK MEMORIAL BRIDGE,,,0.431,,,,,,,2,1,0,1,CLEAR,DRY,True,FEDERAL,COLLISION WITH BICYCLIST,SINGLE VEHICLE,STRAIGHT & LEVEL,DAYLIGHT,False,2013-03-30 13:02:00-04:00,38.2624192,-85.7519261,True,False,SATURDAY
LOUISVILLE METRO POLICE DEPT,,,5TH,ST,S,3.271,,,,,,,2,1,0,0,CLEAR,DRY,False,LOCAL STREET,COLLISION WITH BICYCLIST,SINGLE VEHICLE,STRAIGHT & LEVEL,DAYLIGHT,False,2013-03-30 17:00:00-04:00,38.2529128,-85.7588583,False,False,SATURDAY
LOUISVILLE METRO POLICE DEPT,US0150,,BROADWAY,,E,2.943,,,,FLOYD,KY0061,PRESTON,2,1,0,1,CLEAR,DRY,False,FEDERAL,COLLISION WITH BICYCLIST,SINGLE VEHICLE,STRAIGHT & LEVEL,DAYLIGHT,False,2013-04-01 13:45:00-04:00,38.2453441,-85.7479682,True,False,MONDAY
LOUISVILLE METRO POLICE DEPT,KY0864,,POPLAR LEVEL,RD,,8.724,,,,ALETHA,,NAOMI,2,1,0,1,CLEAR,DRY,False,STATE,COLLISION WITH BICYCLIST,SINGLE VEHICLE,STRAIGHT & LEVEL,DAYLIGHT,False,2013-04-02 13:09:00-04:00,38.1654309,-85.6803145,True,False,TUESDAY
UNIV. OF LOUISVILLE POLICE,US0060A,2500,3RD,ST,S,3.378,,,,,,,2,1,0,1,CLEAR,DRY,False,FEDERAL,COLLISION WITH BICYCLIST,SINGLE VEHICLE,STRAIGHT & LEVEL,DAYLIGHT,False,2013-04-02 16:40:00-04:00,38.213295,-85.7623804,True,False,TUESDAY
LOUISVILLE METRO POLICE DEPT,,7806,SMYRNA,RD,,0.097,,,,,,,2,1,0,0,CLEAR,DRY,True,LOCAL STREET,COLLISION WITH BICYCLIST,SINGLE VEHICLE,STRAIGHT & LEVEL,DARK-HWY LIGHTED/OFF,False,2013-04-06 22:20:00-04:00,38.1393369,-85.6416397,False,False,SATURDAY
LOUISVILLE METRO POLICE DEPT,,4133,VIRGINIA,AVE,W,0.0,,,,,,,2,1,0,1,CLEAR,DRY,True,LOCAL STREET,COLLISION WITH BICYCLIST,SINGLE VEHICLE,STRAIGHT & LEVEL,DAYLIGHT,False,2013-04-07 14:57:00-04:00,38.2401066,-85.8224208,True,False,SUNDAY
LOUISVILLE METRO POLICE DEPT,,,PLUME,DR,,0.0,,HASSOCK,,,,,2,1,0,0,CLEAR,DRY,True,LOCAL STREET,COLLISION WITH BICYCLE,SINGLE VEHICLE,STRAIGHT & LEVEL,DAYLIGHT,False,2013-04-14 14:55:00-04:00,38.1477055,-85.8541524,False,False,SUNDAY
JEFFERSONTOWN POLICE DEPT,KY0913,,BLANKENBAKER,PKWY,,2.19,,RESOURCE,,,,,2,1,0,1,CLOUDY,DRY,False,STATE,COLLISION WITH BICYCLE,SINGLE VEHICLE,STRAIGHT & LEVEL,DAYLIGHT,False,2013-04-15 15:41:00-04:00,38.2157221,-85.538916,True,False,MONDAY
LOUISVILLE METRO POLICE DEPT,,,HILL,ST,W,1.861,,DIXIE,,,,,2,1,0,1,CLEAR,DRY,True,LOCAL STREET,COLLISION WITH BICYCLE,SINGLE VEHICLE,STRAIGHT & LEVEL,DAYLIGHT,False,2013-04-16 17:05:00-04:00,38.2283527,-85.7908731,True,False,TUESDAY
LOUISVILLE METRO POLICE DEPT,,,32ND,ST,S,1.897,,VERMONT,,,,,2,1,0,1,CLEAR,DRY,False,LOCAL STREET,COLLISION WITH BICYCLE,SINGLE VEHICLE,STRAIGHT & LEVEL,DAYLIGHT,False,2013-04-18 10:03:00-04:00,38.2553418,-85.8050871,True,False,THURSDAY
LOUISVILLE METRO POLICE DEPT,KY0061,,PRESTON,HWY,,3.34,,,,TRIO,,SERENITY HOPE,3,2,0,1,CLEAR,DRY,False,STATE,COLLISION WITH BICYCLIST,OPPOSING LEFT TURN,STRAIGHT & LEVEL,DAYLIGHT,True,2013-04-18 11:35:00-04:00,38.1301004,-85.68213,True,False,THURSDAY
LOUISVILLE METRO POLICE DEPT,,,BARDSTOWN,RD,,0.0,,,,,,,2,1,0,1,CLEAR,DRY,False,COUNTY ROAD,COLLISION WITH BICYCLIST,SINGLE VEHICLE,STRAIGHT & LEVEL,DAYLIGHT,False,2013-04-18 12:28:00-04:00,38.197427,-85.6570115,True,False,THURSDAY
LOUISVILLE METRO POLICE DEPT,US0031W,,MARKET,ST,W,21.048,,,,12TH,,13TH,2,1,0,0,CLOUDY,DRY,False,FEDERAL,COLLISION WITH BICYCLIST,SINGLE VEHICLE,STRAIGHT & LEVEL,DAYLIGHT,False,2013-04-19 14:55:00-04:00,38.2567993,-85.7709459,False,False,FRIDAY
LOUISVILLE METRO POLICE DEPT,,,LOWER HUNTERS,TRCE,,1.023,,,,GREENVIEW,,GABRIEL,2,1,0,1,CLOUDY,DRY,False,LOCAL STREET,COLLISION WITH BICYCLIST,SINGLE VEHICLE,STRAIGHT & LEVEL,DAYLIGHT,False,2013-04-23 14:34:00-04:00,38.1600472,-85.8523156,True,False,TUESDAY
LOUISVILLE METRO POLICE DEPT,,,SEVILLE,DR,,0.13,,LIBBY,,,,,2,1,0,1,CLOUDY,DRY,False,LOCAL STREET,COLLISION WITH BICYCLE,SINGLE VEHICLE,CURVE & LEVEL,DAYLIGHT,False,2013-04-27 14:40:00-04:00,38.1122586,-85.8523529,True,False,SATURDAY
LOUISVILLE METRO POLICE DEPT,KY0061,,PRESTON,HWY,,3.587,,,,,,,2,1,0,1,CLOUDY,DRY,False,STATE,COLLISION WITH BICYCLIST,SINGLE VEHICLE,STRAIGHT & LEVEL,DAYLIGHT,False,2013-04-28 16:28:00-04:00,38.1333612,-85.6839638,True,False,SUNDAY
JEFFERSONTOWN POLICE DEPT,KY0155,,TAYLORSVILLE,RD,,11.268,,AXMINSTER,,,,,2,1,0,1,CLEAR,DRY,False,STATE,COLLISION WITH BICYCLE,SINGLE VEHICLE,STRAIGHT & LEVEL,DAYLIGHT,False,2013-04-30 10:00:00-04:00,38.2142409,-85.5894478,True,False,TUESDAY
LOUISVILLE METRO POLICE DEPT,,,OXMOOR,LN,,0.081,,,US0060  ,SHELBYVILLE,,BULLITT,2,1,0,0,CLEAR,DRY,True,NONE OF THE ABOVE,COLLISION WITH BICYCLIST,SINGLE VEHICLE,STRAIGHT & LEVEL,DAYLIGHT,False,2013-04-30 14:00:00-04:00,38.2482424,-85.6135369,False,False,TUESDAY
SHIVELY POLICE DEPARTMENT,KY1931,,7TH STREET,RD,,9.639,,,,PHYLLIS,,ARCADE,2,1,0,1,RAINING,WET,False,STATE,COLLISION WITH BICYCLIST,SINGLE VEHICLE,STRAIGHT & LEVEL,DARK-HWY NOT LIGHTED,False,2013-05-04 20:55:00-04:00,38.2099333,-85.7869192,True,False,SATURDAY
LOUISVILLE METRO POLICE DEPT,US0060,,FRANKFORT,AVE,,2.75,,,KY2048  ,CANNONS,,INGLE,2,1,0,0,CLOUDY,DRY,True,FEDERAL,COLLISION WITH BICYCLIST,SINGLE VEHICLE,STRAIGHT & LEVEL,DAYLIGHT,False,2013-05-08 18:27:00-04:00,38.2540429,-85.6701964,False,False,WEDNESDAY
LOUISVILLE METRO POLICE DEPT,US0060A,,EASTERN,PKWY,,6.831,US0031E,BARDSTOWN,,,,,2,1,0,1,CLEAR,DRY,False,FEDERAL,COLLISION WITH BICYCLE,SINGLE VEHICLE,STRAIGHT & LEVEL,DUSK,False,2013-05-08 22:36:00-04:00,38.2319923,-85.7093186,True,False,WEDNESDAY
LOUISVILLE METRO POLICE DEPT,,,ARTHUR,ST,,0.001,US0060A,EASTERN,,,,,2,1,0,1,CLEAR,DRY,False,LOCAL STREET,COLLISION WITH BICYCLE,SINGLE VEHICLE,CURVE & GRADE,DAYLIGHT,False,2013-05-15 10:40:00-04:00,38.2127739,-85.7535534,True,False,WEDNESDAY
LOUISVILLE METRO POLICE DEPT,US0031W,,MAIN,ST,W,22.021,,,,,,,2,1,0,0,CLEAR,DRY,False,FEDERAL,COLLISION WITH BICYCLIST,SINGLE VEHICLE,STRAIGHT & LEVEL,DAYLIGHT,False,2013-05-16 07:00:00-04:00,38.2564489,-85.7548419,False,False,THURSDAY
JEFFERSONTOWN POLICE DEPT,,,RAINTREE,DR,,0.089,,VELDEN,,,,,2,1,0,1,CLEAR,DRY,False,LOCAL STREET,COLLISION WITH BICYCLE,SINGLE VEHICLE,CURVE & LEVEL,DAYLIGHT,False,2013-05-19 20:14:00-04:00,38.2037953,-85.5917578,True,False,SUNDAY
LOUISVILLE METRO POLICE DEPT,,,3RD,ST,N,0.031,,,US0031W ,MAIN,,WASHINGTON,2,1,0,1,CLEAR,DRY,False,LOCAL STREET,COLLISION WITH BICYCLIST,SINGLE VEHICLE,STRAIGHT & HILLCREST,DAYLIGHT,False,2013-05-20 14:54:00-04:00,38.2568849,-85.7547735,True,False,MONDAY
LOUISVILLE METRO POLICE DEPT,KY1020,,3RD,ST,S,9.379,,CENTRAL STATION,,,,,2,1,0,1,CLEAR,DRY,False,STATE,COLLISION WITH BICYCLE,SINGLE VEHICLE,STRAIGHT & LEVEL,DAYLIGHT,False,2013-05-21 20:04:00-04:00,38.2035447,-85.7642095,True,False,TUESDAY
LOUISVILLE METRO POLICE DEPT,,,HI VIEW,LN,,0.377,,LAKEWOOD,,,,,2,1,0,1,CLOUDY,DRY,False,COUNTY ROAD,COLLISION WITH BICYCLE,SINGLE VEHICLE,STRAIGHT & GRADE,DAYLIGHT,False,2013-05-22 15:49:00-04:00,38.1214571,-85.8303931,True,False,WEDNESDAY
LOUISVILLE METRO POLICE DEPT,KY0864,,GOSS,AVE,,14.423,KY0864,LOGAN,,,,,2,1,0,0,CLEAR,DRY,False,STATE,COLLISION WITH BICYCLE,SINGLE VEHICLE,CURVE & LEVEL,DUSK,False,2013-05-22 22:27:00-04:00,38.2303764,-85.7404244,False,False,WEDNESDAY
LOUISVILLE METRO POLICE DEPT,,,26TH,ST,S,1.389,,,,,,,2,1,0,1,CLEAR,DRY,False,LOCAL STREET,COLLISION WITH BICYCLIST,SINGLE VEHICLE,STRAIGHT & LEVEL,DAYLIGHT,False,2013-05-24 20:05:00-04:00,38.2407016,-85.7959295,True,False,FRIDAY
LOUISVILLE METRO POLICE DEPT,KY1447,,WESTPORT,RD,,1.443,,,,FOEBURN,,WESTPORT,2,1,0,0,CLEAR,DRY,False,STATE,COLLISION WITH BICYCLIST,SINGLE VEHICLE,STRAIGHT & LEVEL,DAYLIGHT,False,2013-05-27 15:30:00-04:00,38.2643977,-85.6334038,False,False,MONDAY
LOUISVILLE METRO POLICE DEPT,,,EVELYN,AVE,W,0.6,,3RD,,,,,2,1,0,0,CLOUDY,DRY,False,LOCAL STREET,COLLISION WITH BICYCLE,SINGLE VEHICLE,STRAIGHT & LEVEL,DAYLIGHT,False,2013-05-28 15:20:00-04:00,38.1967597,-85.7659805,False,False,TUESDAY
LOUISVILLE METRO POLICE DEPT,,,JEFFERSON,ST,E,0.516,,HANCOCK,,,,,2,1,0,1,CLEAR,DRY,False,LOCAL STREET,COLLISION WITH BICYCLE,SINGLE VEHICLE,STRAIGHT & LEVEL,DAYLIGHT,False,2013-05-29 09:58:00-04:00,38.2522661,-85.7423182,True,False,WEDNESDAY
LOUISVILLE METRO POLICE DEPT,,,4TH,ST,S,2.315,,LEE,,,,,2,1,0,1,CLEAR,DRY,False,LOCAL STREET,COLLISION WITH BICYCLE,SINGLE VEHICLE,STRAIGHT & LEVEL,DAYLIGHT,False,2013-05-29 18:30:00-04:00,38.2233833,-85.7623695,True,False,WEDNESDAY
LOUISVILLE METRO POLICE DEPT,,,2ND,ST,S,1.071,,WELLINGTON,,,,,2,1,0,0,CLEAR,DRY,False,NONE OF THE ABOVE,COLLISION WITH BICYCLE,SINGLE VEHICLE,STRAIGHT & LEVEL,DARK-HWY LIGHTED/ON,False,2013-05-31 21:28:00-04:00,38.1838463,-85.7642952,False,False,FRIDAY
LOUISVILLE METRO POLICE DEPT,,,34TH,ST,S,0.47,,VERMONT,,,,,2,1,0,0,CLOUDY,DRY,False,LOCAL STREET,COLLISION WITH BICYCLE,SINGLE VEHICLE,STRAIGHT & LEVEL,DAYLIGHT,False,2013-06-01 15:33:00-04:00,38.2554996,-85.8073585,False,False,SATURDAY
LOUISVILLE METRO POLICE DEPT,,,DOVER,RD,,0.004,US0060A,LEXINGTON,,,,,2,1,0,1,CLOUDY,DRY,False,LOCAL STREET,COLLISION WITH BICYCLE,SINGLE VEHICLE,STRAIGHT & LEVEL,DAYLIGHT,False,2013-06-02 09:25:00-04:00,38.2485907,-85.6730559,True,False,SUNDAY
LOUISVILLE METRO POLICE DEPT,,,HENRY,AVE,,0.242,,BEECHER,,,,,2,1,0,0,CLEAR,DRY,False,LOCAL STREET,COLLISION WITH BICYCLE,SINGLE VEHICLE,STRAIGHT & LEVEL,DAYLIGHT,True,2013-06-02 10:00:00-04:00,38.1917617,-85.7817725,False,False,SUNDAY
LOUISVILLE METRO POLICE DEPT,,,COLONIAL OAKS,CT,,0.237,,,,1ST,,1ST,2,1,0,1,CLEAR,DRY,False,LOCAL STREET,COLLISION WITH BICYCLIST,SINGLE VEHICLE,STRAIGHT & LEVEL,DAYLIGHT,False,2013-06-02 19:33:00-04:00,38.1745803,-85.7607184,True,False,SUNDAY
LOUISVILLE METRO POLICE DEPT,,,CLIFF,AVE,,0.518,,FLORENCE,,,,,2,1,0,1,CLEAR,DRY,True,LOCAL STREET,COLLISION WITH BICYCLE,SINGLE VEHICLE,STRAIGHT & LEVEL,DAYLIGHT,True,2013-06-02 20:15:00-04:00,38.1911119,-85.7748446,True,False,SUNDAY
LOUISVILLE METRO POLICE DEPT,,,PRESTWOOD,DR,,0.002,KY0061,PRESTON,,,,,2,1,0,0,CLEAR,DRY,False,LOCAL STREET,COLLISION WITH BICYCLE,SINGLE VEHICLE,STRAIGHT & GRADE,DAYLIGHT,False,2013-06-05 16:45:00-04:00,38.1626571,-85.7003337,False,False,WEDNESDAY
LOUISVILLE METRO POLICE DEPT,US0031E,,BARDSTOWN,RD,,14.123,,SPEED,,,,,2,1,0,1,CLEAR,DRY,False,FEDERAL,COLLISION WITH BICYCLE,SINGLE VEHICLE,STRAIGHT & LEVEL,DARK-HWY LIGHTED/ON,False,2013-06-05 22:39:00-04:00,38.2284675,-85.7010214,True,False,WEDNESDAY
LOUISVILLE METRO POLICE DEPT,,,6TH,ST,S,0.401,,,,MUHAMMAD ALI,,CHESTNUT,2,1,0,1,CLEAR,DRY,False,LOCAL STREET,COLLISION WITH BICYCLIST,SINGLE VEHICLE,STRAIGHT & LEVEL,DAYLIGHT,False,2013-06-07 15:31:00-04:00,38.2512162,-85.7607716,True,False,FRIDAY
LOUISVILLE METRO POLICE DEPT,,,GELLHAUS,LN,,0.041,,,KY1819  ,BILLTOWN,,LONGVIEW FARM,2,1,0,1,CLOUDY,DRY,False,COUNTY ROAD,COLLISION WITH BICYCLIST,SINGLE VEHICLE,STRAIGHT & LEVEL,DAYLIGHT,False,2013-06-10 16:59:00-04:00,38.1508855,-85.5488577,True,False,MONDAY
LOUISVILLE METRO POLICE DEPT,KY0864,,POPLAR LEVEL,RD,,12.719,,HESS,,,,,2,1,0,1,CLEAR,DRY,False,STATE,COLLISION WITH BICYCLE,SINGLE VEHICLE,STRAIGHT & LEVEL,DAYLIGHT,False,2013-06-11 12:14:00-04:00,38.2120131,-85.7208756,True,False,TUESDAY
LOUISVILLE METRO POLICE DEPT,,,32ND,ST,S,2.357,,,,,,,2,1,0,1,CLEAR,DRY,False,LOCAL STREET,COLLISION WITH BICYCLIST,SINGLE VEHICLE,STRAIGHT & LEVEL,DAYLIGHT,False,2013-06-12 17:30:00-04:00,38.2619499,-85.8043925,True,False,WEDNESDAY
LOUISVILLE METRO POLICE DEPT,,,28TH,ST,S,1.249,,,,KENTUCKY,,DIVINITY,2,1,0,1,CLOUDY,DRY,False,LOCAL STREET,COLLISION WITH BICYCLIST,SINGLE VEHICLE,STRAIGHT & LEVEL,DARK-HWY LIGHTED/ON,False,2013-06-13 20:03:00-04:00,38.2430945,-85.7994373,True,False,THURSDAY
LOUISVILLE METRO POLICE DEPT,,,SIX MILE,LN,,,,,,HURSTBOURNE RIDGE,,BROOK HOLLOW,2,1,0,1,CLEAR,DRY,False,LOCAL STREET,COLLISION WITH BICYCLIST,SIDESWIPE-SAME DIRECTION,CURVE & LEVEL,DARK-HWY NOT LIGHTED,False,2013-06-15 21:48:00-04:00,38.1992,-85.609716667,True,False,SATURDAY
LOUISVILLE METRO POLICE DEPT,,,BOLLING,AVE,,0.613,,,,23RD,,25TH,2,1,0,1,CLEAR,DRY,False,LOCAL STREET,COLLISION WITH BICYCLIST,SINGLE VEHICLE,STRAIGHT & LEVEL,DAYLIGHT,False,2013-06-19 17:30:00-04:00,38.230559,-85.7956357,True,False,WEDNESDAY
LOUISVILLE METRO POLICE DEPT,KY1020,,SOUTHERN,PKWY,,8.862,,EVELYN,,,,,2,1,0,1,CLEAR,DRY,False,STATE,COLLISION WITH BICYCLE,SINGLE VEHICLE,STRAIGHT & LEVEL,DAYLIGHT,False,2013-06-22 00:00:00-04:00,38.1967716,-85.7668623,True,False,SATURDAY
LOUISVILLE METRO POLICE DEPT,,,SOUTHWESTERN,PKWY,,1.67,,GREENWOOD,,,,,2,1,0,0,CLEAR,DRY,False,LOCAL STREET,COLLISION WITH BICYCLE,SINGLE VEHICLE,STRAIGHT & LEVEL,DAYLIGHT,False,2013-06-22 14:00:00-04:00,38.2450027,-85.8299585,False,False,SATURDAY
LOUISVILLE METRO POLICE DEPT,US0031W,,DR W J HODGE,ST,,19.963,,MADISON,,,,,2,1,0,1,CLEAR,DRY,False,FEDERAL,COLLISION WITH BICYCLE,SINGLE VEHICLE,STRAIGHT & LEVEL,DUSK,False,2013-06-23 21:03:00-04:00,38.2532971,-85.7858492,True,False,SUNDAY
LOUISVILLE METRO POLICE DEPT,KY2845,,MANSLICK,RD,E,0.968,,,,,,,2,1,0,2,CLEAR,DRY,False,STATE,COLLISION WITH BICYCLIST,SINGLE VEHICLE,STRAIGHT & LEVEL,DAYLIGHT,False,2013-06-27 20:13:00-04:00,38.1179972,-85.6629276,True,False,THURSDAY
LOUISVILLE METRO POLICE DEPT,US0031W,,DIXIE,HWY,,8.765,,ALANADALE,,,,,2,1,0,1,CLEAR,DRY,True,FEDERAL,COLLISION WITH BICYCLE,SINGLE VEHICLE,STRAIGHT & LEVEL,DAYLIGHT,False,2013-06-28 00:00:00-04:00,38.1092777,-85.8654914,True,False,FRIDAY
INDIAN HILLS POLICE DEPARTMENT,,,COUNTRY,LN,,0.287,,PENNINGTON,,,,,2,1,0,1,CLEAR,DRY,False,LOCAL STREET,COLLISION WITH BICYCLE,SINGLE VEHICLE,STRAIGHT & LEVEL,DAYLIGHT,False,2013-06-28 19:15:00-04:00,38.2686034,-85.6719533,True,False,FRIDAY
SHIVELY POLICE DEPARTMENT,US0031W,,DIXIE,HWY,,16.319,,CLINTON,,,,,2,1,0,1,CLEAR,DRY,False,FEDERAL,COLLISION WITH BICYCLE,SINGLE VEHICLE,STRAIGHT & LEVEL,DARK-HWY LIGHTED/ON,False,2013-06-28 22:00:00-04:00,38.2048585,-85.8000232,True,False,FRIDAY
LOUISVILLE METRO POLICE DEPT,,,ARCADE,AVE,,0.0,US0060A,TAYLOR,,,,,2,1,0,1,CLEAR,DRY,False,LOCAL STREET,COLLISION WITH BICYCLE,SINGLE VEHICLE,STRAIGHT & LEVEL,DAYLIGHT,False,2013-07-02 18:38:00-04:00,38.2021221,-85.7814939,True,False,TUESDAY
JEFFERSONTOWN POLICE DEPT,KY0155,,TAYLORSVILLE,RD,,10.547,,,,PATTI,,TUCKER,2,1,0,1,RAINING,WET,False,STATE,COLLISION WITH BICYCLIST,SINGLE VEHICLE,STRAIGHT & LEVEL,DAYLIGHT,False,2013-07-04 19:15:00-04:00,38.2061587,-85.5811314,True,False,THURSDAY
LOUISVILLE METRO POLICE DEPT,,,BRIARBRIDGE,LN,,0.0,,HIKES,,,,,2,1,0,1,CLEAR,DRY,False,LOCAL STREET,COLLISION WITH BICYCLE,SINGLE VEHICLE,STRAIGHT & LEVEL,DARK-HWY LIGHTED/ON,False,2013-07-06 22:13:00-04:00,38.2102176,-85.642216,True,False,SATURDAY
LOUISVILLE METRO POLICE DEPT,,,SHERWOOD,AVE,,0.448,,,,CHEROKEE,US0031E,BARDSTOWN,2,2,0,0,CLEAR,DRY,True,LOCAL STREET,COLLISION WITH BICYCLIST,SIDESWIPE-SAME DIRECTION,STRAIGHT & LEVEL,DAYLIGHT,False,2013-07-08 14:27:00-04:00,38.2341018,-85.7040789,False,False,MONDAY
LOUISVILLE METRO POLICE DEPT,I 0065,,,,,0.076,,BROOK,,,,,2,1,0,1,CLEAR,DRY,False,INTERSTATE,COLLISION WITH BICYCLE,SINGLE VEHICLE,STRAIGHT & LEVEL,DAYLIGHT,False,2013-07-08 18:37:00-04:00,38.2531097,-85.7503991,True,False,MONDAY
LOUISVILLE METRO POLICE DEPT,US0031E,,MAIN,ST,E,17.456,KY0061,PRESTON,,,,,2,1,0,1,RAINING,WET,False,FEDERAL,COLLISION WITH BICYCLE,SINGLE VEHICLE,STRAIGHT & LEVEL,DAYLIGHT,False,2013-07-10 15:06:00-04:00,38.2554468,-85.7458549,True,False,WEDNESDAY
LOUISVILLE METRO POLICE DEPT,,,ALTA VISTA,RD,,0.0,US0060A,LEXINGTON,,,,,2,1,0,0,CLEAR,DRY,False,LOCAL STREET,COLLISION WITH BICYCLE,SINGLE VEHICLE,STRAIGHT & LEVEL,DAYLIGHT,False,2013-07-11 10:00:00-04:00,38.2453683,-85.6878968,False,False,THURSDAY
LOUISVILLE METRO POLICE DEPT,US0150,,W BORADWAY,,,,,26TH,,,,,2,1,0,0,CLEAR,DRY,False,FEDERAL,COLLISION WITH BICYCLE,SIDESWIPE-SAME DIRECTION,STRAIGHT & LEVEL,DAYLIGHT,False,2013-07-11 16:43:00-04:00,38.242983333,-85.790283333,False,False,THURSDAY
LOUISVILLE METRO POLICE DEPT,US0031E,,MAIN,ST,E,17.738,,,,1ST,,BROOK,2,1,0,0,CLEAR,DRY,False,FEDERAL,COLLISION WITH BICYCLIST,SINGLE VEHICLE,STRAIGHT & LEVEL,DAYLIGHT,False,2013-07-12 16:04:00-04:00,38.2560773,-85.7505867,False,False,FRIDAY
LOUISVILLE METRO POLICE DEPT,,,CENTRAL,AVE,,1.028,,,,MONTANA,US0060A,TAYLOR,3,2,0,1,CLEAR,DRY,False,NONE OF THE ABOVE,COLLISION WITH BICYCLIST,ANGLE,STRAIGHT & LEVEL,DAYLIGHT,False,2013-07-13 11:47:00-04:00,38.2063432,-85.7762101,True,False,SATURDAY
LOUISVILLE METRO POLICE DEPT,,,HILL,ST,W,1.192,,,,,,,3,2,0,2,CLEAR,DRY,False,LOCAL STREET,COLLISION WITH BICYCLIST,HEAD ON,STRAIGHT & HILLCREST,DARK-HWY LIGHTED/OFF,False,2013-07-13 21:48:00-04:00,38.2278058,-85.7786562,True,False,SATURDAY
LOUISVILLE METRO POLICE DEPT,US0031E,,BARDSTOWN,RD,,14.626,US0060A,EASTERN,,,,,2,1,0,0,CLEAR,DRY,False,FEDERAL,COLLISION WITH BICYCLE,SINGLE VEHICLE,CURVE & LEVEL,DARK-HWY LIGHTED/ON,False,2013-07-13 23:56:00-04:00,38.231997,-85.7093199,False,False,SATURDAY
LOUISVILLE METRO POLICE DEPT,KY1931,,ST ANDREWS CHURCH,RD,,3.346,,,,WOODY,,WOODY,2,1,0,1,CLEAR,DRY,False,STATE,COLLISION WITH BICYCLIST,SINGLE VEHICLE,STRAIGHT & LEVEL,DAYLIGHT,False,2013-07-16 08:30:00-04:00,38.1436775,-85.8360029,True,False,TUESDAY
LOUISVILLE METRO POLICE DEPT,,6101,MARAVIAN,DR,,0.005,,,,,,,2,1,0,1,CLEAR,DRY,False,LOCAL STREET,COLLISION WITH BICYCLIST,SINGLE VEHICLE,STRAIGHT & LEVEL,DAYLIGHT,False,2013-07-16 15:45:00-04:00,38.1669956,-85.8703859,True,False,TUESDAY
LOUISVILLE METRO POLICE DEPT,,,W BROADWAY,,,,,ROY WILKINS,,,,,2,1,0,1,CLEAR,DRY,False,LOCAL STREET,COLLISION WITH BICYCLE,ANGLE,STRAIGHT & LEVEL,DAYLIGHT,False,2013-07-16 17:42:00-04:00,38.2468,-85.76675,True,False,TUESDAY
LOUISVILLE METRO POLICE DEPT,US0150,,BROADWAY,,W,1.937,,ROY WILKINS,,,,,2,1,0,1,CLEAR,DRY,False,FEDERAL,COLLISION WITH BICYCLE,SINGLE VEHICLE,STRAIGHT & LEVEL,DAYLIGHT,False,2013-07-16 17:42:00-04:00,38.2469465,-85.7668132,True,False,TUESDAY
LOUISVILLE METRO POLICE DEPT,,,LIME KILN,LN,,2.44,,,,RIVER KNOLLS,,RIVER,2,1,0,1,CLEAR,DRY,False,LOCAL STREET,COLLISION WITH BICYCLIST,SINGLE VEHICLE,STRAIGHT & GRADE,DAYLIGHT,False,2013-07-16 20:40:00-04:00,38.3137568,-85.6459097,True,False,TUESDAY
LOUISVILLE METRO POLICE DEPT,,,31ST,ST,S,0.521,,,,,,,2,1,0,1,CLEAR,DRY,False,LOCAL STREET,COLLISION WITH BICYCLIST,SINGLE VEHICLE,STRAIGHT & LEVEL,DARK-HWY LIGHTED/ON,False,2013-07-16 22:18:00-04:00,38.2481644,-85.8037525,True,False,TUESDAY