investigating_agency,roadway_number,building_number,roadway_name,roadway_suffix,roadway_direction,milepoint,intersection_roadway_number,intersection_roadway_name,between_street_number_1,between_street_name_1,between_street_number_2,between_street_name_2,units_involved,motor_vehicles_involved,killed,injured,weather,roadway_condition,hit_and_run,roadway_type,directional_analysis,manner_of_collision,roadway_character,light_condition,secondary_collision,date,latitude,longitude,injury_indicator,fatality_indicator,day_of_week
LOUISVILLE METRO POLICE DEPT,,,ORMSBY,AVE,W,1.698,,DIXIE,,,,,2,1,0,1,CLEAR,DRY,False,LOCAL STREET,COLLISION WITH BICYCLE,SINGLE VEHICLE,STRAIGHT & LEVEL,DAYLIGHT,False,2013-07-17 13:48:00-04:00,38.2354416,-85.7875784,True,False,WEDNESDAY
LOUISVILLE METRO POLICE DEPT,US0031W,,DIXIE,HWY,,2.002,,BERNHEIM,,,,,2,1,0,1,CLEAR,DRY,False,FEDERAL,COLLISION WITH BICYCLE,SINGLE VEHICLE,STRAIGHT & LEVEL,DAYLIGHT,False,2013-07-19 00:00:00-04:00,38.221301,-85.7931997,True,False,FRIDAY
LOUISVILLE METRO POLICE DEPT,,,PLYMOUTH,CT,,0.182,,16TH,,,,,2,1,0,1,CLEAR,DRY,False,LOCAL STREET,COLLISION WITH BICYCLE,SINGLE VEHICLE,STRAIGHT & LEVEL,DAYLIGHT,False,2013-07-19 07:50:00-04:00,38.2505308,-85.7780017,True,False,FRIDAY
LOUISVILLE METRO POLICE DEPT,,,WINTER LAKE,DR,,0.004,,AUTUMN LAKE,,,,,2,1,0,0,CLEAR,DRY,False,LOCAL STREET,COLLISION WITH BICYCLE,SINGLE VEHICLE,STRAIGHT & LEVEL,DAYLIGHT,False,2013-07-20 00:00:00-04:00,38.0738117,-85.8770715,False,False,SATURDAY
LOUISVILLE METRO POLICE DEPT,KY1931,,MANSLICK,RD,,8.106,,MARCH,,,,,2,1,0,1,CLOUDY,WET,False,STATE,COLLISION WITH BICYCLE,SINGLE VEHICLE,STRAIGHT & LEVEL,DAYLIGHT,False,2013-07-22 11:26:00-04:00,38.1916727,-85.8008524,True,False,MONDAY
LOUISVILLE METRO POLICE DEPT,KY2050,,HERR,LN,,2.182,,BROWNSBORO,,,,,2,1,0,1,RAINING,WET,True,STATE,COLLISION WITH BICYCLE,SINGLE VEHICLE,STRAIGHT & LEVEL,DAYLIGHT,False,2013-07-22 15:00:00-04:00,38.2839071,-85.6279589,True,False,MONDAY
LOUISVILLE METRO POLICE DEPT,,,6TH,ST,S,0.086,US0031W,MARKET,,,,,2,1,0,0,CLEAR,DRY,True,LOCAL STREET,COLLISION WITH BICYCLE,SINGLE VEHICLE,STRAIGHT & LEVEL,DAYLIGHT,False,2013-07-22 17:52:00-04:00,38.2557443,-85.7600531,False,False,MONDAY
SHIVELY POLICE DEPARTMENT,KY2049,,CRUMS,LN,,0.656,,,,BURRELL,,CHEVIOT,2,1,0,1,CLEAR,DRY,False,STATE,COLLISION WITH BICYCLIST,SINGLE VEHICLE,STRAIGHT & LEVEL,DAYLIGHT,False,2013-07-22 18:53:00-04:00,38.1950944,-85.8263605,True,False,MONDAY
GRAYMOOR-DEVONDALE POLICE DEPT,,,WHIPPS MILL,RD,,1.918,KY0146,NEW LA GRANGE,,,,,2,1,0,1,CLEAR,DRY,False,LOCAL STREET,COLLISION WITH BICYCLE,SINGLE VEHICLE,STRAIGHT & LEVEL,DAYLIGHT,False,2013-07-23 14:18:00-04:00,38.2676376,-85.5788703,True,False,TUESDAY
ST. MATTHEWS POLICE DEPARTMENT,KY1932,,CHENOWETH,LN,,5.808,,MASSIE,,,,,2,1,0,0,CLEAR,DRY,False,STATE,COLLISION WITH BICYCLE,SINGLE VEHICLE,STRAIGHT & LEVEL,DAYLIGHT,False,2013-07-26 10:18:00-04:00,38.256279,-85.6581435,False,False,FRIDAY
LOUISVILLE METRO POLICE DEPT,,2216,OAK,ST,W,1.965,,,,,,,2,1,0,1,CLEAR,DRY,False,LOCAL STREET,COLLISION WITH BICYCLIST,SINGLE VEHICLE,STRAIGHT & LEVEL,DAYLIGHT,False,2013-07-26 14:35:00-04:00,38.2375173,-85.7911656,True,False,FRIDAY
LOUISVILLE METRO POLICE DEPT,KY0864,,POPLAR LEVEL,RD,,8.881,,RANGELAND,,,,,2,1,0,1,CLEAR,ICE,False,STATE,COLLISION WITH BICYCLE,SINGLE VEHICLE,STRAIGHT & LEVEL,DAYLIGHT,False,2013-07-29 09:10:00-04:00,38.1672632,-85.6817528,True,False,MONDAY
LOUISVILLE METRO POLICE DEPT,,,CHESTNUT,ST,W,1.368,,15TH,,,,,2,1,0,1,CLEAR,DRY,True,LOCAL STREET,COLLISION WITH BICYCLE,SINGLE VEHICLE,STRAIGHT & LEVEL,DARK-HWY LIGHTED/ON,False,2013-07-29 21:00:00-04:00,38.2510025,-85.7760053,True,False,MONDAY
LOUISVILLE METRO POLICE DEPT,,,LIBERTY,ST,W,0.251,,8TH,,,,,2,1,0,0,CLEAR,DRY,False,LOCAL STREET,COLLISION WITH BICYCLE,SINGLE VEHICLE,STRAIGHT & LEVEL,DAYLIGHT,False,2013-08-01 19:04:00-04:00,38.2534142,-85.7636332,False,False,THURSDAY
LOUISVILLE METRO POLICE DEPT,US0031E,,MARKET,ST,W,17.787,US0031W,2ND,,,,,2,1,0,0,CLEAR,DRY,False,FEDERAL,COLLISION WITH BICYCLE,SINGLE VEHICLE,STRAIGHT & LEVEL,DARK-HWY LIGHTED/ON,False,2013-08-01 23:30:00-04:00,38.254962,-85.7534921,False,False,THURSDAY
LOUISVILLE METRO POLICE DEPT,,,CROSS CREEK,BLVD,,0.144,,DOWNS BRANCH,,,,,2,1,0,1,CLOUDY,DRY,False,LOCAL STREET,COLLISION WITH BICYCLE,SINGLE VEHICLE,CURVE & GRADE,DAYLIGHT,False,2013-08-04 16:43:00-04:00,38.1527622,-85.6263709,True,False,SUNDAY
LOUISVILLE METRO POLICE DEPT,,,11TH,ST,S,0.332,,FISK,,,,,2,1,0,1,CLEAR,DRY,True,LOCAL STREET,COLLISION WITH BICYCLE,SINGLE VEHICLE,STRAIGHT & LEVEL,DAYLIGHT,False,2013-08-05 00:00:00-04:00,38.253134,-85.7689598,True,False,MONDAY
JEFFERSONTOWN POLICE DEPT,KY0155,9120,TAYLORSVILLE,RD,,11.266,,,,,,,2,1,0,1,CLEAR,DRY,False,STATE,COLLISION WITH BICYCLIST,SINGLE VEHICLE,STRAIGHT & LEVEL,DAYLIGHT,False,2013-08-05 17:45:00-04:00,38.2142151,-85.5894205,True,False,MONDAY
LOUISVILLE METRO POLICE DEPT,,,RIVER,RD,,4.202,,,,HARBORTOWN,,AVISH,2,1,0,1,CLEAR,DRY,False,COUNTY ROAD,COLLISION WITH BICYCLIST,SINGLE VEHICLE,STRAIGHT & LEVEL,DAYLIGHT,False,2013-08-06 08:38:00-04:00,38.3221946,-85.6439688,True,False,TUESDAY
LOUISVILLE METRO POLICE DEPT,,8020,CANDLEGLOW,LN,,0.276,,,,,,,2,1,0,1,CLOUDY,DRY,False,COUNTY ROAD,COLLISION WITH BICYCLIST,SINGLE VEHICLE,STRAIGHT & LEVEL,DAYLIGHT,False,2013-08-06 13:39:00-04:00,38.1349349,-85.7837331,True,False,TUESDAY
LOUISVILLE METRO POLICE DEPT,US0060,,FRANKFORT,AVE,,1.778,,,,CRESCENT,,KENNEDY,2,1,0,1,CLEAR,DRY,False,FEDERAL,COLLISION WITH BICYCLIST,SINGLE VEHICLE,STRAIGHT & LEVEL,DAYLIGHT,False,2013-08-08 08:55:00-04:00,38.2546636,-85.6876746,True,False,THURSDAY
LOUISVILLE METRO POLICE DEPT,,1500,ANDERSON,ST,,0.486,,,,,,,2,1,0,1,CLEAR,DRY,False,LOCAL STREET,COLLISION WITH BICYCLIST,SINGLE VEHICLE,STRAIGHT & LEVEL,DUSK,False,2013-08-10 21:00:00-04:00,38.2473224,-85.7788944,True,False,SATURDAY
LOUISVILLE METRO POLICE DEPT,,,HILL,ST,W,2.208,,25TH,,,,,2,1,0,1,CLEAR,DRY,False,LOCAL STREET,COLLISION WITH BICYCLE,SINGLE VEHICLE,STRAIGHT & LEVEL,DUSK,False,2013-08-14 20:43:00-04:00,38.2299466,-85.796902,True,False,WEDNESDAY
LOUISVILLE METRO POLICE DEPT,,,CHESTNUT,ST,W,2.546,KY1020,2ND,,,,,2,1,0,1,CLEAR,DRY,False,LOCAL STREET,COLLISION WITH BICYCLE,SINGLE VEHICLE,STRAIGHT & LEVEL,DAYLIGHT,False,2013-08-15 14:10:00-04:00,38.2485814,-85.7545663,True,False,THURSDAY
LOUISVILLE METRO POLICE DEPT,,,WIZARD,AVE,,0.192,,LONGFIELD,,,,,2,1,0,0,CLEAR,DRY,False,LOCAL STREET,COLLISION WITH BICYCLE,SINGLE VEHICLE,STRAIGHT & LEVEL,DAYLIGHT,True,2013-08-18 16:50:00-04:00,38.1990788,-85.7773646,False,False,SUNDAY
LOUISVILLE METRO POLICE DEPT,,,32ND,ST,,,,KENTUCKY,,,,,2,1,0,1,CLEAR,DRY,False,LOCAL STREET,COLLISION WITH BICYCLE,ANGLE,STRAIGHT & LEVEL,DAYLIGHT,False,2013-08-20 11:30:00-04:00,38.239833333,-85.720233333,True,False,TUESDAY
LOUISVILLE METRO POLICE DEPT,US0060,,FRANKFORT,AVE,,3.475,,,US0060A ,LEXINGTON,,WILMINGTON,2,1,0,1,CLEAR,DRY,False,FEDERAL,COLLISION WITH BICYCLIST,SINGLE VEHICLE,STRAIGHT & LEVEL,DAYLIGHT,False,2013-08-20 15:17:00-04:00,38.2529558,-85.6567969,True,False,TUESDAY
LOUISVILLE METRO POLICE DEPT,,,24TH,ST,N,0.678,KY3064,PORTLAND,,,,,2,1,0,0,CLEAR,DRY,False,LOCAL STREET,COLLISION WITH BICYCLE,SINGLE VEHICLE,STRAIGHT & HILLCREST,DAYLIGHT,False,2013-08-22 10:03:00-04:00,38.2700799,-85.7872057,False,False,THURSDAY
LOUISVILLE METRO POLICE DEPT,,,HIKES,LN,,0.949,,,,GREEN MEADOWS,KY2251,BARDSTOWN,2,1,0,0,CLEAR,DRY,False,LOCAL STREET,COLLISION WITH BICYCLIST,SINGLE VEHICLE,STRAIGHT & GRADE,DAYLIGHT,False,2013-08-23 12:10:00-04:00,38.1998218,-85.6587991,False,False,FRIDAY
ST. MATTHEWS POLICE DEPARTMENT,,1000,SIR LANCELOT,LN,,0.004,,,,,,,2,1,0,0,CLEAR,DRY,False,LOCAL STREET,COLLISION WITH BICYCLIST,SINGLE VEHICLE,STRAIGHT & LEVEL,DAYLIGHT,False,2013-08-24 09:10:00-04:00,38.2660393,-85.6119352,False,False,SATURDAY
LOUISVILLE METRO POLICE DEPT,,700,DOUGLAS,PARK,,0.194,,,,,,,2,1,0,1,CLEAR,DRY,False,LOCAL STREET,COLLISION WITH BICYCLIST,SINGLE VEHICLE,CURVE & LEVEL,DAYLIGHT,False,2013-08-26 17:02:00-04:00,38.1774677,-85.7601291,True,False,MONDAY
JEFFERSONTOWN POLICE DEPT,,,LINN STATION,RD,,1.805,,,,LAKE SHORE,,CLEAR SPRINGS,2,1,0,1,CLEAR,DRY,False,LOCAL STREET,COLLISION WITH BICYCLIST,SINGLE VEHICLE,CURVE & LEVEL,DAYLIGHT,False,2013-08-26 19:04:00-04:00,38.2243561,-85.5674172,True,False,MONDAY
LOUISVILLE METRO POLICE DEPT,,,BRADLEY,AVE,,0.0,KY0061,BRANDEIS,,,,,2,1,0,0,CLEAR,DRY,False,LOCAL STREET,COLLISION WITH BICYCLE,SINGLE VEHICLE,STRAIGHT & GRADE,DAYLIGHT,False,2013-08-27 07:50:00-04:00,38.2182154,-85.7515618,False,False,TUESDAY
LOUISVILLE METRO POLICE DEPT,I 0065,,,,,0.504,KY0061,PRESTON,,,,,2,1,0,1,CLEAR,DRY,False,INTERSTATE,COLLISION WITH BICYCLE,SINGLE VEHICLE,CURVE & LEVEL,DAYLIGHT,False,2013-08-28 09:04:00-04:00,38.1917752,-85.7276918,True,False,WEDNESDAY
LOUISVILLE METRO POLICE DEPT,,,JEFFERSON,ST,W,0.73,,,,ROY WILKINS,,10TH,2,1,0,1,CLEAR,DRY,False,LOCAL STREET,COLLISION WITH BICYCLIST,SINGLE VEHICLE,STRAIGHT & LEVEL,DAYLIGHT,False,2013-08-28 15:32:00-04:00,38.254748,-85.7653324,True,False,WEDNESDAY
LOUISVILLE METRO POLICE DEPT,,,22ND,ST,,,,,,DUNCAN,,COLUMBIA,2,1,0,1,CLEAR,DRY,False,LOCAL STREET,COLLISION WITH BICYCLIST,ANGLE,STRAIGHT & LEVEL,DAYLIGHT,False,2013-08-28 15:41:00-04:00,38.201666667,-85.536666667,True,False,WEDNESDAY
LOUISVILLE METRO POLICE DEPT,,,3RD,ST,N,0.021,,,,,,,2,1,0,1,CLEAR,DRY,True,LOCAL STREET,COLLISION WITH BICYCLIST,SINGLE VEHICLE,STRAIGHT & GRADE,DAYLIGHT,False,2013-08-28 16:48:00-04:00,38.2567357,-85.7548179,True,False,WEDNESDAY
LOUISVILLE METRO POLICE DEPT,,,6TH,ST,,,,BROADWAY,,,,,2,1,0,1,CLEAR,DRY,False,LOCAL STREET,COLLISION WITH BICYCLE,ANGLE,STRAIGHT & LEVEL,DAYLIGHT,False,2013-08-29 17:53:00-04:00,38.2462,-85.761733333,True,False,THURSDAY
SHIVELY POLICE DEPARTMENT,,,LOMOND,DR,,0.051,,,KY2049  ,CRUMS,,BUTLER,2,1,0,1,CLEAR,DRY,True,LOCAL STREET,COLLISION WITH BICYCLIST,SINGLE VEHICLE,CURVE & LEVEL,DARK (UNKNOWN ROADWAY LIGHTING),False,2013-08-30 00:05:00-04:00,38.1941226,-85.8212822,True,False,FRIDAY
LOUISVILLE METRO POLICE DEPT,,,CHATEAU,LN,,0.074,,,,CULVER,KY0061,PRESTON,2,1,0,1,CLEAR,DRY,False,LOCAL STREET,COLLISION WITH BICYCLIST,SINGLE VEHICLE,STRAIGHT & LEVEL,DAWN,False,2013-08-30 06:50:00-04:00,38.1475521,-85.6932448,True,False,FRIDAY
SHIVELY POLICE DEPARTMENT,US0031W,,DIXIE,HWY,,15.953,,,,MARY CATHERINE,,THERESA,2,1,0,1,CLEAR,DRY,False,FEDERAL,COLLISION WITH BICYCLIST,SINGLE VEHICLE,STRAIGHT & LEVEL,DAYLIGHT,False,2013-08-30 17:54:00-04:00,38.1998798,-85.8028486,True,False,FRIDAY
LOUISVILLE METRO POLICE DEPT,US0150,,DR W J HODGE,ST,,0.845,US0150T,MARKET,,,,,2,1,0,1,CLEAR,DRY,True,FEDERAL,COLLISION WITH BICYCLE,SINGLE VEHICLE,STRAIGHT & LEVEL,DAYLIGHT,False,2013-08-31 17:30:00-04:00,38.2582933,-85.7850379,True,False,SATURDAY
PROSPECT POLICE DEPARTMENT,,,WINDHAM,PKWY,,0.544,,EDMONSON,,,,,2,1,0,1,CLEAR,DRY,False,LOCAL STREET,COLLISION WITH BICYCLE,SINGLE VEHICLE,CURVE & GRADE,DAYLIGHT,False,2013-09-02 11:34:00-04:00,38.3557108,-85.6206391,True,False,MONDAY
LOUISVILLE METRO POLICE DEPT,US0150,,BROADWAY,,W,1.936,,,,,,,2,1,0,1,CLEAR,DRY,True,FEDERAL,COLLISION WITH BICYCLIST,SINGLE VEHICLE,STRAIGHT & LEVEL,DAYLIGHT,False,2013-09-03 10:54:00-04:00,38.2468624,-85.766787,True,False,TUESDAY
LOUISVILLE METRO POLICE DEPT,,,BROADWAY,,,,,4TH,,,,,2,1,0,1,CLEAR,DRY,False,LOCAL STREET,COLLISION WITH BICYCLE,ANGLE,STRAIGHT & LEVEL,DARK-HWY LIGHTED/ON,False,2013-09-06 22:52:00-04:00,38.201666667,-85.536666667,True,False,FRIDAY
LOUISVILLE METRO POLICE DEPT,,,7TH,ST,S,2.022,US0150,BROADWAY,,,,,2,1,0,1,CLEAR,DRY,False,LOCAL STREET,COLLISION WITH BICYCLE,SINGLE VEHICLE,STRAIGHT & LEVEL,DAYLIGHT,False,2013-09-07 10:44:00-04:00,38.2464473,-85.7633675,True,False,SATURDAY
LOUISVILLE METRO POLICE DEPT,US0060A,,LEXINGTON,RD,,9.471,,BRIAR HILL,,,,,2,1,0,1,CLEAR,DRY,False,FEDERAL,COLLISION WITH BICYCLE,SINGLE VEHICLE,STRAIGHT & LEVEL,DUSK,False,2013-09-07 19:54:00-04:00,38.2486403,-85.6760856,True,False,SATURDAY
LOUISVILLE METRO POLICE DEPT,,,4TH,ST,S,0.734,US0150,BROADWAY,,,,,2,1,0,1,CLEAR,DRY,False,LOCAL STREET,COLLISION WITH BICYCLE,SINGLE VEHICLE,STRAIGHT & LEVEL,DARK-HWY LIGHTED/ON,False,2013-09-08 06:25:00-04:00,38.2460816,-85.7583782,True,False,SUNDAY
LOUISVILLE METRO POLICE DEPT,,,32ND,ST,S,1.9,,,,,,,2,1,0,1,CLEAR,DRY,False,LOCAL STREET,COLLISION WITH BICYCLIST,SINGLE VEHICLE,STRAIGHT & LEVEL,DAYLIGHT,False,2013-09-08 14:10:00-04:00,38.2552115,-85.8051243,True,False,SUNDAY
LOUISVILLE METRO POLICE DEPT,,,WOODBOURNE,AVE,,0.703,,CAROLINA,,,,,2,1,0,1,CLEAR,DRY,False,LOCAL STREET,COLLISION WITH BICYCLE,SINGLE VEHICLE,STRAIGHT & LEVEL,DAYLIGHT,False,2013-09-09 09:09:00-04:00,38.2282454,-85.6831478,True,False,MONDAY
LOUISVILLE METRO POLICE DEPT,,,BARRET,AVE,,1.081,,RUFER,,,,,2,1,0,0,CLEAR,DRY,False,LOCAL STREET,COLLISION WITH BICYCLE,SINGLE VEHICLE,STRAIGHT & LEVEL,DAYLIGHT,False,2013-09-11 15:58:00-04:00,38.2348921,-85.7268998,False,False,WEDNESDAY
LOUISVILLE METRO POLICE DEPT,,4124,POMEROY,CT,,0.098,,,,,,,2,1,0,0,CLEAR,DRY,False,LOCAL STREET,COLLISION WITH BICYCLIST,SINGLE VEHICLE,CURVE & LEVEL,DAYLIGHT,False,2013-09-14 17:35:00-04:00,38.1989084,-85.6342745,False,False,SATURDAY
LOUISVILLE METRO POLICE DEPT,,,ST CATHERINE,ST,W,0.27,,4TH,,,,,2,1,0,1,CLEAR,DRY,False,LOCAL STREET,COLLISION WITH BICYCLE,SINGLE VEHICLE,STRAIGHT & LEVEL,DAYLIGHT,False,2013-09-14 18:30:00-04:00,38.2374257,-85.7598349,True,False,SATURDAY
LOUISVILLE METRO POLICE DEPT,KY2055,,MANSLICK,RD,W,1.37,,FAIRDALE,,,,,2,1,0,1,CLEAR,DRY,False,STATE,COLLISION WITH BICYCLE,SINGLE VEHICLE,STRAIGHT & LEVEL,DAYLIGHT,False,2013-09-20 07:39:00-04:00,38.1049984,-85.7587182,True,False,FRIDAY
LOUISVILLE METRO POLICE DEPT,,,CECIL,AVE,,0.909,,GARLAND,,,,,2,1,0,0,CLEAR,DRY,False,COUNTY ROAD,COLLISION WITH BICYCLE,SINGLE VEHICLE,STRAIGHT & LEVEL,DAYLIGHT,False,2013-09-21 17:41:00-04:00,38.2468928,-85.8208607,False,False,SATURDAY
LOUISVILLE METRO POLICE DEPT,,,12TH,ST,S,1.163,,OAK,,,,,2,1,0,0,CLEAR,DRY,False,LOCAL STREET,COLLISION WITH BICYCLE,SINGLE VEHICLE,STRAIGHT & LEVEL,DAYLIGHT,False,2013-09-21 17:47:00-04:00,38.2363297,-85.773403,False,False,SATURDAY
ST. MATTHEWS POLICE DEPARTMENT,US0060,,SHELBYVILLE,RD,,4.884,,,,BRAMTON,,SAGE,2,1,0,0,CLEAR,DRY,True,FEDERAL,COLLISION WITH BICYCLIST,SINGLE VEHICLE,STRAIGHT & LEVEL,DAYLIGHT,False,2013-09-22 07:45:00-04:00,38.250905,-85.6312183,False,False,SUNDAY
LOUISVILLE METRO POLICE DEPT,,,HILL,ST,W,1.003,,,,,,,2,1,0,1,CLEAR,DRY,False,COUNTY ROAD,COLLISION WITH BICYCLIST,SINGLE VEHICLE,STRAIGHT & LEVEL,DAYLIGHT,False,2013-09-23 15:56:00-04:00,38.2273972,-85.7752071,True,False,MONDAY
LOUISVILLE METRO POLICE DEPT,,,PEE WEE REESE,RD,,1.543,,ROCK CREEK,,,,,2,1,0,0,CLEAR,DRY,False,LOCAL STREET,COLLISION WITH BICYCLE,SINGLE VEHICLE,STRAIGHT & LEVEL,DAYLIGHT,False,2013-09-23 18:19:00-04:00,38.2416794,-85.6735936,False,False,MONDAY
LOUISVILLE METRO POLICE DEPT,,,BURNETT,AVE,W,1.284,,OLIVE,,,,,2,1,0,1,CLEAR,DRY,False,LOCAL STREET,COLLISION WITH BICYCLE,SINGLE VEHICLE,STRAIGHT & LEVEL,DARK-HWY LIGHTED/ON,False,2013-09-23 21:50:00-04:00,38.2324588,-85.7996145,True,False,MONDAY
LOUISVILLE METRO POLICE DEPT,KY1747,,FERN VALLEY,RD,,3.324,,JEFFERSON,,,,,2,1,0,1,CLEAR,DRY,False,STATE,COLLISION WITH BICYCLE,SINGLE VEHICLE,STRAIGHT & LEVEL,DAYLIGHT,False,2013-09-24 16:41:00-04:00,38.1567153,-85.6716843,True,False,TUESDAY
LOUISVILLE METRO POLICE DEPT,KY0061,,PRESTON,HWY,,0.431,,,,MUD,,ANTLE,2,1,1,0,CLEAR,DRY,False,STATE,COLLISION WITH BICYCLIST,SINGLE VEHICLE,STRAIGHT & LEVEL,DARK-HWY NOT LIGHTED,False,2013-09-25 00:20:00-04:00,38.0897637,-85.6684001,False,True,WEDNESDAY
LOUISVILLE METRO POLICE DEPT,,,VIM,DR,,0.43,,,,,,,2,1,0,1,CLEAR,DRY,False,COUNTY ROAD,COLLISION WITH BICYCLIST,SINGLE VEHICLE,STRAIGHT & LEVEL,DAYLIGHT,False,2013-09-25 14:44:00-04:00,38.1738042,-85.702902,True,False,WEDNESDAY
LOUISVILLE METRO POLICE DEPT,,,GARLAND,AVE,,1.261,,23RD,,,,,2,1,0,1,CLEAR,DRY,False,LOCAL STREET,COLLISION WITH BICYCLE,SINGLE VEHICLE,STRAIGHT & LEVEL,DAYLIGHT,False,2013-09-28 19:29:00-04:00,38.2443396,-85.790667,True,False,SATURDAY
SHIVELY POLICE DEPARTMENT,,,GRANDVIEW,DR,,0.099,,,KY2051  ,ROCKFORD,,SAN JOSE,2,1,0,0,CLEAR,DRY,True,LOCAL STREET,COLLISION WITH BICYCLIST,SINGLE VEHICLE,STRAIGHT & LEVEL,DAYLIGHT,False,2013-10-01 16:28:00-04:00,38.1769735,-85.8259126,False,False,TUESDAY
LOUISVILLE METRO POLICE DEPT,US0060A,,TAYLOR,BLVD,,1.891,,ARCADE,,,,,2,1,0,1,CLOUDY,DRY,True,FEDERAL,COLLISION WITH BICYCLE,SINGLE VEHICLE,STRAIGHT & LEVEL,DAYLIGHT,False,2013-10-02 11:30:00-04:00,38.2021234,-85.7814501,True,False,WEDNESDAY
LOUISVILLE METRO POLICE DEPT,,,CARDINAL,BLVD,W,0.181,KY1020,3RD,,,,,2,1,0,1,CLOUDY,DRY,False,LOCAL STREET,COLLISION WITH BICYCLE,SINGLE VEHICLE,STRAIGHT & LEVEL,DAYLIGHT,False,2013-10-02 13:30:00-04:00,38.2205603,-85.7611784,True,False,WEDNESDAY
ST. MATTHEWS POLICE DEPARTMENT,,,DAYTON,AVE,,0.232,,WILTSHIRE,,,,,1,1,0,0,CLOUDY,DRY,True,LOCAL STREET,COLLISION WITH BICYCLE,SINGLE VEHICLE,STRAIGHT & LEVEL,DAYLIGHT,False,2013-10-02 15:15:00-04:00,38.2500528,-85.6543788,False,False,WEDNESDAY
LOUISVILLE METRO POLICE DEPT,,,APPLE VALLEY,DR,,0.0,,,,,,,2,1,0,1,CLOUDY,DRY,True,COUNTY ROAD,COLLISION WITH BICYCLIST,SINGLE VEHICLE,STRAIGHT & LEVEL,DAYLIGHT,False,2013-10-02 16:53:00-04:00,38.1374243,-85.6212832,True,False,WEDNESDAY
LOUISVILLE METRO POLICE DEPT,,,4TH,ST,S,2.881,,,,INDUSTRY,,BRANDEIS,2,1,0,1,CLOUDY,DRY,True,LOCAL STREET,COLLISION WITH BICYCLIST,SINGLE VEHICLE,STRAIGHT & GRADE,DAYLIGHT,False,2013-10-03 11:10:00-04:00,38.2152438,-85.7637947,True,False,THURSDAY
LOUISVILLE METRO POLICE DEPT,,,HANCOCK,ST,S,0.026,US0031E,MAIN,,,,,2,1,0,1,CLOUDY,DRY,False,LOCAL STREET,COLLISION WITH BICYCLE,SINGLE VEHICLE,STRAIGHT & LEVEL,DAYLIGHT,False,2013-10-04 16:39:00-04:00,38.2550337,-85.7422987,True,False,FRIDAY
LOUISVILLE METRO POLICE DEPT,,,GREYLING,DR,,0.124,,,KY2055  ,MANSLICK,,ACRES,2,1,0,1,CLEAR,DRY,False,LOCAL STREET,COLLISION WITH BICYCLIST,SINGLE VEHICLE,STRAIGHT & GRADE,DAYLIGHT,False,2013-10-09 00:00:00-04:00,38.1183503,-85.7973039,True,False,WEDNESDAY
LOUISVILLE METRO POLICE DEPT,KY0061,,PRESTON,HWY,,4.731,,OAKLAWN,,,,,2,1,0,1,CLEAR,DRY,False,STATE,COLLISION WITH BICYCLE,SINGLE VEHICLE,STRAIGHT & LEVEL,DAYLIGHT,False,2013-10-11 13:00:00-04:00,38.1487964,-85.692483,True,False,FRIDAY
LOUISVILLE METRO POLICE DEPT,US0060A,,TAYLOR,BLVD,,1.565,,SALE,,,,,2,1,0,0,CLEAR,DRY,False,FEDERAL,COLLISION WITH BICYCLE,SINGLE VEHICLE,STRAIGHT & LEVEL,DAYLIGHT,False,2013-10-11 18:13:00-04:00,38.1977411,-85.7828293,False,False,FRIDAY
LOUISVILLE METRO POLICE DEPT,KY1020,,SOUTHERN,PKWY,,8.075,,,,ASHLAND,,WELLINGTON,2,1,0,1,CLEAR,DRY,False,STATE,COLLISION WITH BICYCLIST,SINGLE VEHICLE,STRAIGHT & LEVEL,DAYLIGHT,False,2013-10-12 11:51:00-04:00,38.185196,-85.7674236,True,False,SATURDAY