investigating_agency,roadway_number,building_number,roadway_name,roadway_suffix,roadway_direction,milepoint,intersection_roadway_number,intersection_roadway_name,between_street_number_1,between_street_name_1,between_street_number_2,between_street_name_2,units_involved,motor_vehicles_involved,killed,injured,weather,roadway_condition,hit_and_run,roadway_type,directional_analysis,manner_of_collision,roadway_character,light_condition,secondary_collision,date,latitude,longitude,injury_indicator,fatality_indicator,day_of_week
LOUISVILLE METRO POLICE DEPT,,,6TH,ST,S,1.735,,,,ORMSBY,,FLORAL,2,1,0,0,CLOUDY,DRY,False,LOCAL STREET,COLLISION WITH BICYCLIST,SINGLE VEHICLE,STRAIGHT & LEVEL,DAYLIGHT,False,2014-05-27 18:31:00-04:00,38.2320797,-85.7642623,False,False,TUESDAY
LOUISVILLE METRO POLICE DEPT,,4111,HALE,AVE,,2.199,,,,,,,2,1,0,0,CLEAR,DRY,False,LOCAL STREET,COLLISION WITH BICYCLIST,SINGLE VEHICLE,STRAIGHT & LEVEL,DAYLIGHT,False,2014-05-28 20:30:00-04:00,38.2413357,-85.8202876,False,False,WEDNESDAY
LOUISVILLE METRO POLICE DEPT,KY1020,,SOUTHERN,PKWY,,8.355,,,,,,,2,1,0,1,CLEAR,DRY,True,STATE,COLLISION WITH BICYCLIST,SINGLE VEHICLE,STRAIGHT & LEVEL,DAYLIGHT,False,2014-05-29 14:40:00-04:00,38.1892431,-85.7667043,True,False,THURSDAY
LOUISVILLE METRO POLICE DEPT,,,ROY WILKINS,AVE,,0.572,,,,CHESTNUT,,MAGAZINE,2,1,0,1,CLOUDY,DRY,False,LOCAL STREET,COLLISION WITH BICYCLIST,SINGLE VEHICLE,STRAIGHT & LEVEL,DAYLIGHT,False,2014-05-30 07:51:00-04:00,38.2493547,-85.7660693,True,False,FRIDAY
LOUISVILLE METRO POLICE DEPT,,,1ST,ST,S,0.096,,,,,,,2,1,0,1,CLEAR,DRY,False,LOCAL STREET,COLLISION WITH BICYCLIST,SINGLE VEHICLE,STRAIGHT & LEVEL,DAYLIGHT,False,2014-05-30 08:27:00-04:00,38.2547023,-85.7518096,True,False,FRIDAY
LOUISVILLE METRO POLICE DEPT,,,PAYNE,ST,,,,SPRING,,,,,2,1,0,1,CLEAR,DRY,True,LOCAL STREET,COLLISION WITH BICYCLE,OPPOSING LEFT TURN,STRAIGHT & LEVEL,DARK-HWY LIGHTED/ON,False,2014-06-01 00:43:00-04:00,38.252166667,-85.719433333,True,False,SUNDAY
LOUISVILLE METRO POLICE DEPT,KY1450,,BLUE LICK,RD,,2.425,,MOODY,,,,,2,1,0,1,CLEAR,DRY,True,STATE,COLLISION WITH BICYCLE,SINGLE VEHICLE,STRAIGHT & LEVEL,DARK-HWY LIGHTED/ON,False,2014-06-01 02:55:00-04:00,38.1199659,-85.6894985,True,False,SUNDAY
LOUISVILLE METRO POLICE DEPT,US0042,,BROWNSBORO,RD,,2.061,,HITE,,,,,2,1,0,0,CLEAR,DRY,False,FEDERAL,COLLISION WITH BICYCLE,SINGLE VEHICLE,STRAIGHT & LEVEL,DAYLIGHT,False,2014-06-01 09:25:00-04:00,38.2587748,-85.6980923,False,False,SUNDAY
LOUISVILLE METRO POLICE DEPT,KY1865,,NEW CUT,RD,,2.934,,,,WESTVIEW,,GLEN HOLLOW,2,1,0,0,CLEAR,DRY,False,STATE,COLLISION WITH BICYCLIST,SINGLE VEHICLE,STRAIGHT & LEVEL,DAYLIGHT,False,2014-06-01 13:39:00-04:00,38.1496761,-85.7761249,False,False,SUNDAY
LOUISVILLE METRO POLICE DEPT,US0031E,,BARDSTOWN,RD,,9.804,,,US0031E ,BUECHEL,,RICHLAND,2,1,0,1,CLOUDY,DRY,True,FEDERAL,COLLISION WITH BICYCLIST,SINGLE VEHICLE,CURVE & LEVEL,DAYLIGHT,False,2014-06-03 12:05:00-04:00,38.1898074,-85.6429454,True,False,TUESDAY
LOUISVILLE METRO POLICE DEPT,,,LOCUST,LN,,0.137,KY0061,PRESTON,,,,,2,1,0,1,CLEAR,DRY,False,LOCAL STREET,COLLISION WITH BICYCLE,SINGLE VEHICLE,STRAIGHT & LEVEL,DAYLIGHT,False,2014-06-03 19:33:00-04:00,38.2068958,-85.7375107,True,False,TUESDAY
LOUISVILLE METRO POLICE DEPT,,,LIBERTY,ST,W,0.723,,,KY1020  ,2ND,KY1020,3RD,2,1,0,0,CLEAR,DRY,False,LOCAL STREET,COLLISION WITH BICYCLIST,SINGLE VEHICLE,STRAIGHT & LEVEL,DAYLIGHT,False,2014-06-05 17:34:00-04:00,38.2528337,-85.7550629,False,False,THURSDAY
LOUISVILLE METRO POLICE DEPT,KY1020,5543,NATIONAL,TPKE,,5.483,,,,,,,2,1,0,0,CLEAR,DRY,False,STATE,COLLISION WITH BICYCLIST,SINGLE VEHICLE,STRAIGHT & LEVEL,DAYLIGHT,False,2014-06-06 14:45:00-04:00,38.1507184,-85.7628742,False,False,FRIDAY
LOUISVILLE METRO POLICE DEPT,,,FLOYD,ST,S,1.665,,,,,,,2,1,0,1,CLEAR,DRY,False,LOCAL STREET,COLLISION WITH BICYCLIST,SINGLE VEHICLE,STRAIGHT & LEVEL,DAYLIGHT,False,2014-06-06 15:30:00-04:00,38.2317603,-85.7520956,True,False,FRIDAY
LOUISVILLE METRO POLICE DEPT,KY0061,,PRESTON,ST,S,12.698,,MUHAMMAD ALI,,,,,2,1,0,1,CLEAR,DRY,True,STATE,COLLISION WITH BICYCLE,SINGLE VEHICLE,STRAIGHT & LEVEL,DAYLIGHT,False,2014-06-07 20:00:00-04:00,38.2499767,-85.7468112,True,False,SATURDAY
LOUISVILLE METRO POLICE DEPT,,,COLORADO,AVE,,1.237,,EARL,,,,,2,1,0,1,CLOUDY,DRY,False,LOCAL STREET,COLLISION WITH BICYCLE,SINGLE VEHICLE,STRAIGHT & LEVEL,DAYLIGHT,False,2014-06-08 08:19:00-04:00,38.2084299,-85.7847604,True,False,SUNDAY
LOUISVILLE METRO POLICE DEPT,,,WELLINGTON,AVE,W,0.229,,,,1ST,,2ND,2,1,0,1,CLOUDY,DRY,False,LOCAL STREET,COLLISION WITH BICYCLIST,SINGLE VEHICLE,STRAIGHT & LEVEL,DAYLIGHT,False,2014-06-08 15:30:00-04:00,38.1836529,-85.7634427,True,False,SUNDAY
LOUISVILLE METRO POLICE DEPT,,,OAK,ST,E,0.012,,1ST,,,,,2,1,0,1,CLOUDY,WET,False,LOCAL STREET,COLLISION WITH BICYCLE,SINGLE VEHICLE,STRAIGHT & LEVEL,DAYLIGHT,False,2014-06-10 08:56:00-04:00,38.2345084,-85.7551254,True,False,TUESDAY
LOUISVILLE METRO POLICE DEPT,,,CENTRAL,AVE,,1.041,US0060A,TAYLOR,,,,,2,1,0,0,CLOUDY,DRY,True,LOCAL STREET,COLLISION WITH BICYCLE,SINGLE VEHICLE,STRAIGHT & LEVEL,DAYLIGHT,False,2014-06-13 06:40:00-04:00,38.2063758,-85.7759291,False,False,FRIDAY
LOUISVILLE METRO POLICE DEPT,KY0864,,LOGAN,ST,,14.693,,MARY,,,,,2,1,0,0,CLEAR,DRY,True,STATE,COLLISION WITH BICYCLE,SINGLE VEHICLE,STRAIGHT & LEVEL,DAYLIGHT,False,2014-06-13 18:30:00-04:00,38.2342361,-85.7398033,False,False,FRIDAY
LOUISVILLE METRO POLICE DEPT,KY3082,,BANK,ST,,1.201,,,,,,,2,1,0,1,CLEAR,DRY,False,STATE,COLLISION WITH BICYCLIST,SINGLE VEHICLE,STRAIGHT & LEVEL,DAYLIGHT,False,2014-06-15 20:09:00-04:00,38.2686519,-85.7891085,True,False,SUNDAY
LOUISVILLE METRO POLICE DEPT,US0150,,22ND,ST,N,0.25,,,,,,,2,1,0,1,CLEAR,DRY,True,FEDERAL,COLLISION WITH BICYCLIST,SINGLE VEHICLE,STRAIGHT & LEVEL,DAYLIGHT,False,2014-06-16 17:17:00-04:00,38.266566667,-85.78355,True,False,MONDAY
LOUISVILLE METRO POLICE DEPT,US0031E,,BARDSTOWN,RD,,11.342,,BASHFORD MANOR,,,,,2,1,0,0,CLOUDY,DRY,False,FEDERAL,COLLISION WITH BICYCLE,SINGLE VEHICLE,STRAIGHT & GRADE,DAYLIGHT,False,2014-06-20 09:58:00-04:00,38.2029493,-85.6643764,False,False,FRIDAY
LOUISVILLE METRO POLICE DEPT,,,15TH,ST,S,2.212,US0031W,MARKET,,,,,2,1,1,0,CLEAR,DRY,False,LOCAL STREET,COLLISION WITH BICYCLE,SINGLE VEHICLE,STRAIGHT & LEVEL,DAYLIGHT,False,2014-06-21 09:13:00-04:00,38.2572393,-85.774975,False,True,SATURDAY
JEFFERSONTOWN POLICE DEPT,,,OLD SIX MILE,LN,,0.442,,,,TREE,,BALSAM,2,1,0,1,CLOUDY,DRY,False,LOCAL STREET,COLLISION WITH BICYCLIST,SINGLE VEHICLE,STRAIGHT & LEVEL,DAYLIGHT,False,2014-06-21 12:25:00-04:00,38.2004833,-85.5781838,True,False,SATURDAY
LOUISVILLE METRO POLICE DEPT,,,EXMOOR,AVE,,0.228,,,,FOXBORO,,FEELINGS,2,1,0,0,CLOUDY,DRY,True,LOCAL STREET,COLLISION WITH BICYCLIST,SINGLE VEHICLE,CURVE & GRADE,DAYLIGHT,False,2014-06-22 13:38:00-04:00,38.2585466,-85.5655333,False,False,SUNDAY
LOUISVILLE METRO POLICE DEPT,US0150,,DR W J HODGE,ST,,0.841,US0150T,MARKET,,,,,2,1,0,1,CLEAR,DRY,False,FEDERAL,COLLISION WITH BICYCLE,SINGLE VEHICLE,STRAIGHT & LEVEL,DAYLIGHT,False,2014-06-23 12:35:00-04:00,38.258351,-85.7849061,True,False,MONDAY
LOUISVILLE METRO POLICE DEPT,,,9TH,ST,S,0.441,,KENTUCKY,,,,,2,1,0,0,CLEAR,DRY,True,LOCAL STREET,COLLISION WITH BICYCLE,SINGLE VEHICLE,STRAIGHT & LEVEL,DAWN,False,2014-06-24 00:00:00-04:00,38.2405249,-85.7678111,False,False,TUESDAY
LOUISVILLE METRO POLICE DEPT,KY3082,,BANK,ST,,0.928,,28TH,,,,,2,1,0,1,CLEAR,DRY,False,STATE,COLLISION WITH BICYCLE,SINGLE VEHICLE,STRAIGHT & LEVEL,DAYLIGHT,False,2014-06-24 13:46:00-04:00,38.2703069,-85.7936655,True,False,TUESDAY
LOUISVILLE METRO POLICE DEPT,KY2251,4032,BARDSTOWN,RD,,0.258,,,,,,,2,1,0,1,CLEAR,DRY,True,STATE,COLLISION WITH BICYCLIST,SINGLE VEHICLE,STRAIGHT & LEVEL,DAYLIGHT,False,2014-06-25 09:22:00-04:00,38.19241,-85.6476221,True,False,WEDNESDAY
LOUISVILLE METRO POLICE DEPT,KY2050,,HERR,LN,,1.771,,,,,,,2,1,0,1,CLEAR,DRY,False,STATE,COLLISION WITH BICYCLIST,SINGLE VEHICLE,STRAIGHT & LEVEL,DAYLIGHT,False,2014-06-27 10:14:00-04:00,38.2788402,-85.6238445,True,False,FRIDAY
LOUISVILLE METRO POLICE DEPT,KY3082,,BANK,ST,,1.274,,,,,,,2,1,0,1,CLEAR,DRY,True,STATE,COLLISION WITH BICYCLIST,SINGLE VEHICLE,STRAIGHT & LEVEL,DAWN,False,2014-06-28 22:10:00-04:00,38.2682129,-85.7879043,True,False,SATURDAY
LOUISVILLE METRO POLICE DEPT,,,SOUTHERN HEIGHTS,AVE,E,0.312,,,,,,,2,2,0,0,CLEAR,DRY,False,LOCAL STREET,COLLISION WITH BICYCLIST,ANGLE,STRAIGHT & LEVEL,DAYLIGHT,False,2014-07-03 20:18:00-04:00,38.1890757,-85.7578255,False,False,THURSDAY
LOUISVILLE METRO POLICE DEPT,,,LONGFIELD,AVE,,1.154,,POWELL,,,,,2,1,0,0,CLEAR,DRY,True,LOCAL STREET,COLLISION WITH BICYCLE,SINGLE VEHICLE,STRAIGHT & LEVEL,DAYLIGHT,False,2014-07-04 18:22:00-04:00,38.1988089,-85.7896545,False,False,FRIDAY
LOUISVILLE METRO POLICE DEPT,KY1865,,TAYLOR,BLVD,,5.762,,,,,,,2,1,0,0,CLEAR,DRY,False,STATE,COLLISION WITH BICYCLIST,SINGLE VEHICLE,STRAIGHT & LEVEL,DARK-HWY LIGHTED/ON,False,2014-07-04 23:50:00-04:00,38.1899864,-85.7833781,False,False,FRIDAY
LOUISVILLE METRO POLICE DEPT,US0031W,,MARKET,ST,W,21.966,,,US0031E ,3RD,US0031W,2ND,2,1,0,0,CLEAR,DRY,False,FEDERAL,COLLISION WITH BICYCLIST,SINGLE VEHICLE,STRAIGHT & LEVEL,DAYLIGHT,False,2014-07-09 12:02:00-04:00,38.2550049,-85.7547467,False,False,WEDNESDAY
LOUISVILLE METRO POLICE DEPT,US0060A,,EASTERN,PKWY,,4.853,,DELOR,,,,,2,1,0,1,CLEAR,DRY,False,FEDERAL,COLLISION WITH BICYCLE,SINGLE VEHICLE,STRAIGHT & LEVEL,DUSK,False,2014-07-09 20:11:00-04:00,38.2171117,-85.7385799,True,False,WEDNESDAY
LOUISVILLE METRO POLICE DEPT,KY1020,,SOUTHERN PKY,,,8.955,,KENTON,,,,,2,1,0,0,CLEAR,DRY,False,STATE,COLLISION WITH BICYCLE,SINGLE VEHICLE,CURVE & LEVEL,DAYLIGHT,False,2014-07-12 00:00:00-04:00,38.1981389,-85.7668827,False,False,SATURDAY
LOUISVILLE METRO POLICE DEPT,,,WAYCROSS,AVE,,0.66,KY2053,MT WASHINGTON,,,,,2,1,0,5,CLOUDY,DRY,False,LOCAL STREET,COLLISION WITH BICYCLE,SINGLE VEHICLE,STRAIGHT & LEVEL,DUSK,False,2014-07-14 20:33:00-04:00,38.0912207,-85.6550266,True,False,MONDAY
LOUISVILLE METRO POLICE DEPT,KY0061,,PRESTON,HWY,,6.339,,INDIAN,,,,,2,1,0,1,CLEAR,DRY,False,STATE,COLLISION WITH BICYCLE,SINGLE VEHICLE,STRAIGHT & LEVEL,DAYLIGHT,False,2014-07-15 13:08:00-04:00,38.1687574,-85.7065798,True,False,TUESDAY
LOUISVILLE METRO POLICE DEPT,US0031E,,MAIN,ST,E,17.343,KY0061,JACKSON,,,,,2,1,0,1,CLEAR,DRY,False,FEDERAL,COLLISION WITH BICYCLE,SINGLE VEHICLE,STRAIGHT & LEVEL,DAYLIGHT,False,2014-07-17 20:01:00-04:00,38.2552306,-85.7438409,True,False,THURSDAY
LOUISVILLE METRO POLICE DEPT,US0150,,BROADWAY,,E,2.656,,1ST,,,,,2,1,0,1,CLOUDY,DRY,False,FEDERAL,COLLISION WITH BICYCLE,SINGLE VEHICLE,STRAIGHT & LEVEL,DUSK,False,2014-07-20 20:02:00-04:00,38.2457147,-85.7533729,True,False,SUNDAY
LOUISVILLE METRO POLICE DEPT,KY3077,131,RIVER,RD,,0.583,,,,,,,2,1,0,1,CLEAR,DRY,False,STATE,COLLISION WITH BICYCLIST,SINGLE VEHICLE,CURVE & LEVEL,DAYLIGHT,False,2014-07-21 00:36:00-04:00,38.2588179,-85.7504965,True,False,MONDAY
LOUISVILLE METRO POLICE DEPT,US0031W,,22ND,ST,S,20.209,,,,,,,2,1,0,2,CLEAR,DRY,False,FEDERAL,COLLISION WITH BICYCLIST,SINGLE VEHICLE,STRAIGHT & LEVEL,DAYLIGHT,False,2014-07-21 16:47:00-04:00,38.2585352,-85.7865611,True,False,MONDAY
JEFFERSONTOWN POLICE DEPT,,,LETHBOROUGH,DR,,0.384,,MODESTO,,,,,2,1,0,1,CLEAR,DRY,False,LOCAL STREET,COLLISION WITH BICYCLE,SINGLE VEHICLE,STRAIGHT & LEVEL,DARK-HWY LIGHTED/ON,False,2014-07-23 21:51:00-04:00,38.1896176,-85.5869244,True,False,WEDNESDAY
LOUISVILLE METRO POLICE DEPT,,,LOUIS COLEMAN JR,,,,,,,MAGNOLIA,,WOODLAND,2,1,0,1,CLEAR,DRY,False,LOCAL STREET,COLLISION WITH BICYCLIST,SINGLE VEHICLE,STRAIGHT & LEVEL,DAYLIGHT,False,2014-07-24 10:10:00-04:00,38.23795,-85.807016667,True,False,THURSDAY
LOUISVILLE METRO POLICE DEPT,KY2052,,SHEPHERDSVILLE,RD,,0.34,,RONWOOD,,,,,2,1,0,1,CLEAR,DRY,False,STATE,COLLISION WITH BICYCLE,SINGLE VEHICLE,CURVE & HILLCREST,DAYLIGHT,False,2014-07-24 19:15:00-04:00,38.1436486,-85.6598524,True,False,THURSDAY
LOUISVILLE METRO POLICE DEPT,,,4TH,ST,S,3.219,US0060A,WINKLER,,,,,2,1,0,1,CLEAR,DRY,False,LOCAL STREET,COLLISION WITH BICYCLE,SINGLE VEHICLE,STRAIGHT & LEVEL,DAYLIGHT,False,2014-07-28 14:49:00-04:00,38.2103886,-85.7646889,True,False,MONDAY
LOUISVILLE METRO POLICE DEPT,,,4TH,ST,S,0.247,,LIBERTY,,,,,2,1,0,1,CLEAR,DRY,False,LOCAL STREET,COLLISION WITH BICYCLE,SINGLE VEHICLE,STRAIGHT & LEVEL,DAWN,False,2014-07-28 14:55:00-04:00,38.2530693,-85.7571514,True,False,MONDAY
LOUISVILLE METRO POLICE DEPT,KY0146,,LA GRANGE,RD,,2.922,,MILLGATE,,,,,2,1,0,1,CLEAR,DRY,False,STATE,COLLISION WITH BICYCLE,SINGLE VEHICLE,STRAIGHT & LEVEL,DAYLIGHT,False,2014-07-29 08:21:00-04:00,38.2707579,-85.5746646,True,False,TUESDAY
ST. MATTHEWS POLICE DEPARTMENT,,,BROWNS,LN,,1.006,,KRESGE,,,,,2,1,0,1,CLEAR,DRY,False,LOCAL STREET,COLLISION WITH BICYCLE,SINGLE VEHICLE,STRAIGHT & LEVEL,DAYLIGHT,False,2014-07-29 09:53:00-04:00,38.2414803,-85.6352989,True,False,TUESDAY
LOUISVILLE METRO POLICE DEPT,US0031E,,BARDSTOWN,RD,,14.323,,DUKER,,,,,2,1,0,1,CLEAR,DRY,False,FEDERAL,COLLISION WITH BICYCLE,SINGLE VEHICLE,STRAIGHT & LEVEL,DAYLIGHT,False,2014-07-29 15:42:00-04:00,38.2303013,-85.7040399,True,False,TUESDAY
LOUISVILLE METRO POLICE DEPT,,,MALCOLM,RD,,0.136,,,,,,,2,1,0,0,CLEAR,DRY,False,LOCAL STREET,COLLISION WITH BICYCLIST,SINGLE VEHICLE,STRAIGHT & LEVEL,DAYLIGHT,False,2014-07-29 16:39:00-04:00,38.1776859,-85.8102489,False,False,TUESDAY
LOUISVILLE METRO POLICE DEPT,US0060A,,LEXINGTON,RD,,8.763,,ALTA VISTA,,,,,2,1,0,0,CLEAR,DRY,False,FEDERAL,COLLISION WITH BICYCLE,SINGLE VEHICLE,STRAIGHT & LEVEL,DAYLIGHT,False,2014-07-31 10:15:00-04:00,38.2453683,-85.6878967,False,False,THURSDAY
LOUISVILLE METRO POLICE DEPT,KY1865,,NEW CUT,RD,,2.33,,BAKERS,,,,,2,1,0,1,CLEAR,DRY,True,STATE,COLLISION WITH BICYCLE,SINGLE VEHICLE,STRAIGHT & HILLCREST,DAYLIGHT,False,2014-08-01 12:05:00-04:00,38.1409595,-85.7742197,True,False,FRIDAY
LOUISVILLE METRO POLICE DEPT,,1900,ROANOKE,AVE,,0.015,,,,,,,2,1,0,1,CLEAR,DRY,False,LOCAL STREET,COLLISION WITH BICYCLIST,SINGLE VEHICLE,STRAIGHT & LEVEL,DAYLIGHT,False,2014-08-03 19:34:00-04:00,38.2276331,-85.7002084,True,False,SUNDAY
LOUISVILLE METRO POLICE DEPT,,,DIXIE,HWY,,0.909,,DUMESNIL,,,,,2,1,0,1,CLEAR,DRY,False,LOCAL STREET,COLLISION WITH BICYCLE,SINGLE VEHICLE,STRAIGHT & LEVEL,DAYLIGHT,False,2014-08-05 06:53:00-04:00,38.2364162,-85.7871666,True,False,TUESDAY
LOUISVILLE METRO POLICE DEPT,KY1020,,3RD,ST,S,12.447,,MUHAMMAD ALI,,,,,2,1,0,1,RAINING,WET,False,STATE,COLLISION WITH BICYCLE,SINGLE VEHICLE,STRAIGHT & LEVEL,DAWN,False,2014-08-08 06:38:00-04:00,38.2509522,-85.7558357,True,False,FRIDAY
LOUISVILLE METRO POLICE DEPT,,,KINROSS,BLVD,,0.221,,ETHAN ALLEN,,,,,2,1,0,1,CLOUDY,DRY,False,LOCAL STREET,COLLISION WITH BICYCLE,SINGLE VEHICLE,STRAIGHT & LEVEL,DAYLIGHT,False,2014-08-08 17:00:00-04:00,38.0607204,-85.8917303,True,False,FRIDAY
LOUISVILLE METRO POLICE DEPT,,,QUIET,WAY,,0.102,,NORENE,,,,,2,1,0,1,CLEAR,DRY,False,LOCAL STREET,COLLISION WITH BICYCLE,SINGLE VEHICLE,STRAIGHT & LEVEL,DARK-HWY NOT LIGHTED,False,2014-08-08 21:29:00-04:00,38.1618318,-85.6818669,True,False,FRIDAY
ST. MATTHEWS POLICE DEPARTMENT,US0060,,SHELBYVILLE,RD,,4.851,,,,,,,2,1,0,1,CLEAR,DRY,False,FEDERAL,COLLISION WITH BICYCLIST,SINGLE VEHICLE,STRAIGHT & LEVEL,DAYLIGHT,False,2014-08-09 16:05:00-04:00,38.2509702,-85.631815,True,False,SATURDAY
LOUISVILLE METRO POLICE DEPT,,,OAK,ST,W,0.547,,7TH,,,,,2,1,0,1,CLEAR,DRY,False,LOCAL STREET,COLLISION WITH BICYCLE,SINGLE VEHICLE,STRAIGHT & LEVEL,DAYLIGHT,False,2014-08-09 18:30:00-04:00,38.2354917,-85.7653342,True,False,SATURDAY
LOUISVILLE METRO POLICE DEPT,US0060,,SHELBYVILLE,RD,,10.981,,,,JUNEAU,KY2840,OLD SHELBYVILLE,2,1,0,1,CLOUDY,DRY,False,FEDERAL,COLLISION WITH BICYCLIST,SINGLE VEHICLE,STRAIGHT & LEVEL,DAYLIGHT,False,2014-08-10 15:28:00-04:00,38.2443849,-85.5222997,True,False,SUNDAY
LOUISVILLE METRO POLICE DEPT,,,ARCADE,AVE,,0.054,US0060A,TAYLOR,,,,,2,1,0,0,CLEAR,DRY,False,LOCAL STREET,COLLISION WITH BICYCLE,SINGLE VEHICLE,STRAIGHT & LEVEL,DAYLIGHT,True,2014-08-10 20:00:00-04:00,38.2027579,-85.7820663,False,False,SUNDAY
LOUISVILLE METRO POLICE DEPT,,,WURTELE,AVE,,0.316,,,,COLORADO,,LINDBERGH,2,1,0,1,CLEAR,DRY,False,LOCAL STREET,COLLISION WITH BICYCLIST,SINGLE VEHICLE,STRAIGHT & LEVEL,DAYLIGHT,False,2014-08-12 18:16:00-04:00,38.2117112,-85.7790588,True,False,TUESDAY
SHIVELY POLICE DEPARTMENT,US0031W,,DIXIE,HWY,,14.973,,,,,,,2,1,0,1,CLEAR,DRY,False,FEDERAL,COLLISION WITH BICYCLIST,SINGLE VEHICLE,STRAIGHT & LEVEL,DAYLIGHT,False,2014-08-15 14:38:00-04:00,38.1877007,-85.8112202,True,False,FRIDAY
LOUISVILLE METRO POLICE DEPT,,,SOUTHERN PKY,,,0.542,,,,,,,2,1,0,1,CLEAR,DRY,False,LOCAL STREET,COLLISION WITH BICYCLIST,SINGLE VEHICLE,STRAIGHT & LEVEL,DAYLIGHT,False,2014-08-18 13:05:00-04:00,38.1754168,-85.7736916,True,False,MONDAY
LOUISVILLE METRO POLICE DEPT,,,3RD,ST,N,0.002,US0031W,MAIN,,,,,2,1,0,1,CLEAR,DRY,False,LOCAL STREET,COLLISION WITH BICYCLE,SINGLE VEHICLE,STRAIGHT & LEVEL,DAYLIGHT,False,2014-08-19 15:10:00-04:00,38.2564246,-85.7548881,True,False,TUESDAY
LOUISVILLE METRO POLICE DEPT,,,WILSON,AVE,,0.845,,,,,,,2,1,0,1,CLEAR,DRY,False,LOCAL STREET,COLLISION WITH BICYCLIST,SINGLE VEHICLE,STRAIGHT & LEVEL,DAWN,False,2014-08-22 07:30:00-04:00,38.2348921,-85.7905035,True,False,FRIDAY
LOUISVILLE METRO POLICE DEPT,,,WHISPERING HILLS,BLVD,,0.087,,BILLIE,,,,,2,1,0,1,RAINING,WET,False,COUNTY ROAD,COLLISION WITH BICYCLE,SINGLE VEHICLE,CURVE & HILLCREST,DARK-HWY LIGHTED/OFF,False,2014-08-22 23:55:00-04:00,38.1488918,-85.6583464,True,False,FRIDAY
LOUISVILLE METRO POLICE DEPT,,,MUHAMMAD ALI,BLVD,E,0.73,KY0061,PRESTON,,,,,2,1,0,1,CLOUDY,WET,False,LOCAL STREET,COLLISION WITH BICYCLE,SINGLE VEHICLE,STRAIGHT & LEVEL,DAYLIGHT,False,2014-08-23 17:15:00-04:00,38.2500491,-85.746915,True,False,SATURDAY
LOUISVILLE METRO POLICE DEPT,KY1020,,SOUTHERN PKY,,,9.15,,3RD,,,,,2,1,0,1,RAINING,WET,False,STATE,COLLISION WITH BICYCLE,SINGLE VEHICLE,STRAIGHT & LEVEL,DARK-HWY LIGHTED/ON,False,2014-08-23 20:34:00-04:00,38.2006006,-85.7651065,True,False,SATURDAY
LOUISVILLE METRO POLICE DEPT,,,MAGNOLIA,AVE,W,0.621,,7TH,,,,,2,1,0,1,CLEAR,DRY,False,COUNTY ROAD,COLLISION WITH BICYCLE,SINGLE VEHICLE,STRAIGHT & GRADE,DAYLIGHT,False,2014-08-24 17:09:00-04:00,38.2297726,-85.7676954,True,False,SUNDAY
LOUISVILLE METRO POLICE DEPT,,,DIXIE,HWY,,1.008,,,,WILSON,,ORMSBY,2,1,0,1,RAINING,WET,False,COUNTY ROAD,COLLISION WITH BICYCLIST,SINGLE VEHICLE,STRAIGHT & LEVEL,DARK-HWY LIGHTED/ON,False,2014-08-26 21:15:00-04:00,38.2350546,-85.7877396,True,False,TUESDAY
UNIV. OF LOUISVILLE POLICE,,2100,FLOYD,ST,S,2.746,,,,,,,2,1,0,0,CLEAR,DRY,False,LOCAL STREET,COLLISION WITH BICYCLIST,SINGLE VEHICLE,STRAIGHT & LEVEL,DAYLIGHT,False,2014-08-28 11:22:00-04:00,38.2157659,-85.7549757,False,False,THURSDAY