investigating_agency,roadway_number,building_number,roadway_name,roadway_suffix,roadway_direction,milepoint,intersection_roadway_number,intersection_roadway_name,between_street_number_1,between_street_name_1,between_street_number_2,between_street_name_2,units_involved,motor_vehicles_involved,killed,injured,weather,roadway_condition,hit_and_run,roadway_type,directional_analysis,manner_of_collision,roadway_character,light_condition,secondary_collision,date,latitude,longitude,injury_indicator,fatality_indicator,day_of_week
LOUISVILLE METRO POLICE DEPT,US0060,,FRANKFORT,AVE,,2.16,,RESERVOIR,,,,,2,1,0,1,CLEAR,DRY,False,FEDERAL,COLLISION WITH BICYCLE,SINGLE VEHICLE,STRAIGHT & LEVEL,DAYLIGHT,False,2014-08-29 08:32:00-04:00,38.2545149,-85.6809143,True,False,FRIDAY
LOUISVILLE METRO POLICE DEPT,KY1931,,7TH,ST,,10.281,,TENNESSEE,,,,,2,1,0,1,CLEAR,DRY,False,STATE,COLLISION WITH BICYCLE,SINGLE VEHICLE,STRAIGHT & LEVEL,DAYLIGHT,False,2014-08-29 18:45:00-04:00,38.2176322,-85.7798889,True,False,FRIDAY
LOUISVILLE METRO POLICE DEPT,,,24TH,ST,N,0.359,,,,,,,2,1,0,0,CLEAR,DRY,True,LOCAL STREET,COLLISION WITH BICYCLIST,SINGLE VEHICLE,CURVE & LEVEL,DAYLIGHT,False,2014-09-02 16:02:00-04:00,38.265341,-85.7882314,False,False,TUESDAY
LOUISVILLE METRO POLICE DEPT,KY1020,,2ND,ST,S,11.413,,,,,,,2,1,0,1,CLEAR,DRY,False,STATE,COLLISION WITH BICYCLIST,SINGLE VEHICLE,STRAIGHT & LEVEL,DAYLIGHT,False,2014-09-04 12:06:00-04:00,38.2351799,-85.7571415,True,False,THURSDAY
LOUISVILLE METRO POLICE DEPT,,,MANSLICK,CT,,0.039,,,,,,,2,1,0,1,CLOUDY,DRY,True,LOCAL STREET,COLLISION WITH BICYCLIST,SINGLE VEHICLE,STRAIGHT & LEVEL,DARK-HWY NOT LIGHTED,False,2014-09-04 23:49:00-04:00,38.19171,-85.8015302,True,False,THURSDAY
LOUISVILLE METRO POLICE DEPT,KY0907,,3RD,ST,,5.6,,,,CARTLEDGE,,TWIN WILLOWS,2,1,0,2,CLEAR,DRY,False,STATE,COLLISION WITH BICYCLIST,SINGLE VEHICLE,CURVE & LEVEL,DARK-HWY LIGHTED/OFF,False,2014-09-06 21:40:00-04:00,38.13834,-85.7841601,True,False,SATURDAY
LOUISVILLE METRO POLICE DEPT,US0031E,,MARKET,ST,E,17.489,,FLOYD,,,,,2,1,0,1,CLEAR,DRY,True,FEDERAL,COLLISION WITH BICYCLE,SINGLE VEHICLE,STRAIGHT & LEVEL,DAYLIGHT,False,2014-09-07 17:41:00-04:00,38.2543042,-85.7481601,True,False,SUNDAY
LOUISVILLE METRO POLICE DEPT,,,HANCOCK,ST,S,1.296,,,,KENTUCKY,,SAINT CATHERINE,2,1,0,1,CLEAR,DRY,False,LOCAL STREET,COLLISION WITH BICYCLIST,SINGLE VEHICLE,STRAIGHT & LEVEL,DAYLIGHT,False,2014-09-10 15:39:00-04:00,38.2362327,-85.7451558,True,False,WEDNESDAY
LOUISVILLE METRO POLICE DEPT,US0031W,,DIXIE,HWY,,13.205,,,,UPPER HUNTERS,,BONNYVILLE,2,1,0,0,CLEAR,DRY,False,FEDERAL,COLLISION WITH BICYCLIST,SINGLE VEHICLE,STRAIGHT & LEVEL,DAYLIGHT,False,2014-09-11 16:20:00-04:00,38.1672878,-85.8291547,False,False,THURSDAY
LOUISVILLE METRO POLICE DEPT,,,GARDINER,LN,,0.64,,,,,,,2,1,0,1,CLOUDY,DRY,False,LOCAL STREET,COLLISION WITH BICYCLIST,SINGLE VEHICLE,CURVE & LEVEL,DAYLIGHT,False,2014-09-11 16:39:00-04:00,38.1969139,-85.6973096,True,False,THURSDAY
LOUISVILLE METRO POLICE DEPT,,3121,DEL PARK,TER,,0.053,,,,,,,2,1,0,1,CLEAR,DRY,False,LOCAL STREET,COLLISION WITH BICYCLIST,SINGLE VEHICLE,STRAIGHT & LEVEL,DAYLIGHT,False,2014-09-13 14:38:00-04:00,38.2527039,-85.8037598,True,False,SATURDAY
ST. MATTHEWS POLICE DEPARTMENT,KY0146,7321,NEW LA GRANGE,RD,,0.136,,,,,,,2,1,0,1,CLEAR,DRY,False,STATE,COLLISION WITH BICYCLIST,SINGLE VEHICLE,STRAIGHT & LEVEL,DAYLIGHT,False,2014-09-13 19:20:00-04:00,38.2513551,-85.6159809,True,False,SATURDAY
LOUISVILLE METRO POLICE DEPT,,,DIXIE,HWY,,1.495,,HILL,,,,,2,1,0,1,CLEAR,DRY,False,LOCAL STREET,COLLISION WITH BICYCLE,SINGLE VEHICLE,STRAIGHT & LEVEL,DARK-HWY LIGHTED/ON,False,2014-09-14 20:31:00-04:00,38.2283221,-85.7904476,True,False,SUNDAY
LOUISVILLE METRO POLICE DEPT,,,4TH,ST,S,0.734,US0150,BROADWAY,,,,,2,1,0,1,CLEAR,DRY,False,LOCAL STREET,COLLISION WITH BICYCLE,SINGLE VEHICLE,STRAIGHT & LEVEL,DAYLIGHT,False,2014-09-16 17:14:00-04:00,38.2460788,-85.7583797,True,False,TUESDAY
ST. MATTHEWS POLICE DEPARTMENT,US0060,,SHELBYVILLE,RD,,3.928,,RIDGEWAY,,,,,2,1,0,1,RAINING,WET,False,FEDERAL,COLLISION WITH BICYCLE,SINGLE VEHICLE,STRAIGHT & LEVEL,DARK-HWY LIGHTED/ON,False,2014-09-16 23:15:00-04:00,38.2523899,-85.6491338,True,False,TUESDAY
LOUISVILLE METRO POLICE DEPT,KY1020,,NATIONAL,TPKE,,3.45,,GLENGARRY,,,,,2,1,0,1,CLEAR,DRY,False,STATE,COLLISION WITH BICYCLE,SINGLE VEHICLE,STRAIGHT & LEVEL,DAYLIGHT,False,2014-09-17 17:37:00-04:00,38.1236481,-85.748482,True,False,WEDNESDAY
SHIVELY POLICE DEPARTMENT,US0031W,,DIXIE,HWY,,15.238,,GARRS,,,,,2,1,0,0,CLEAR,DRY,False,FEDERAL,COLLISION WITH BICYCLE,SINGLE VEHICLE,STRAIGHT & LEVEL,DAYLIGHT,False,2014-09-18 22:29:00-04:00,38.1908921,-85.808877,False,False,THURSDAY
LOUISVILLE METRO POLICE DEPT,US0042,,BROWNSBORO,RD,,1.939,,IDLEWYLDE,,,,,2,1,0,1,CLEAR,DRY,False,FEDERAL,COLLISION WITH BICYCLE,SINGLE VEHICLE,STRAIGHT & GRADE,DAYLIGHT,False,2014-09-20 12:14:00-04:00,38.2584215,-85.7002718,True,False,SATURDAY
LOUISVILLE METRO POLICE DEPT,,,NORTON HEALTHCARE,BLVD,,0.375,,,,,,,2,1,0,1,CLEAR,DRY,False,LOCAL STREET,COLLISION WITH BICYCLIST,SINGLE VEHICLE,CURVE & LEVEL,DAYLIGHT,False,2014-09-20 14:32:00-04:00,38.3148924,-85.5747049,True,False,SATURDAY
LOUISVILLE METRO POLICE DEPT,KY2845,,MANSLICK,RD,E,0.08,,,,,,,2,1,0,1,CLEAR,DRY,False,STATE,COLLISION WITH BICYCLIST,SINGLE VEHICLE,STRAIGHT & HILLCREST,DARK-HWY LIGHTED/OFF,False,2014-09-20 20:50:00-04:00,38.1183364,-85.675714,True,False,SATURDAY
LOUISVILLE METRO POLICE DEPT,,,RIVER,RD,,6.414,,,,SHIRLEY,,CARSLAW,2,1,0,1,CLEAR,DRY,False,LOCAL STREET,COLLISION WITH BICYCLIST,SINGLE VEHICLE,STRAIGHT & LEVEL,DAYLIGHT,False,2014-09-21 15:28:00-04:00,38.343249,-85.6216464,True,False,SUNDAY
ST. MATTHEWS POLICE DEPARTMENT,US0060,5000,SHELBYVILLE,RD,,5.243,,,,,,,2,1,0,1,CLEAR,DRY,False,FEDERAL,COLLISION WITH BICYCLIST,SINGLE VEHICLE,STRAIGHT & LEVEL,DAYLIGHT,False,2014-09-21 16:15:00-04:00,38.2503525,-85.6246135,True,False,SUNDAY
LOUISVILLE METRO POLICE DEPT,KY1447,,WESTPORT,RD,,3.011,,,,ORMSBY,,APPLEWOOD,2,1,0,1,CLEAR,DRY,False,STATE,COLLISION WITH BICYCLIST,SINGLE VEHICLE,STRAIGHT & GRADE,DAYLIGHT,False,2014-09-25 11:30:00-04:00,38.2740339,-85.6090736,True,False,THURSDAY
LOUISVILLE METRO POLICE DEPT,,,ST RITA,DR,,0.146,,NEWSTEAD,,,,,2,1,0,1,CLEAR,DRY,False,LOCAL STREET,COLLISION WITH BICYCLE,SINGLE VEHICLE,STRAIGHT & LEVEL,DARK-HWY NOT LIGHTED,False,2014-09-25 21:20:00-04:00,38.1293075,-85.6787995,True,False,THURSDAY
LOUISVILLE METRO POLICE DEPT,US0031W,,DIXIE,HWY,,10.279,,,,,,,2,1,0,1,CLEAR,DRY,False,FEDERAL,COLLISION WITH BICYCLIST,SINGLE VEHICLE,STRAIGHT & LEVEL,DAYLIGHT,False,2014-09-30 12:52:00-04:00,38.1275382,-85.8501612,True,False,TUESDAY
JEFFERSONTOWN POLICE DEPT,KY0155,,TAYLORSVILLE,RD,,9.349,,WATTERSON,,,,,2,1,0,1,CLEAR,DRY,False,STATE,COLLISION WITH BICYCLE,SINGLE VEHICLE,STRAIGHT & LEVEL,DAYLIGHT,False,2014-10-01 15:19:00-04:00,38.1942575,-85.5654457,True,False,WEDNESDAY
LOUISVILLE METRO POLICE DEPT,,3600,REGATTA,WAY,,0.141,,,,,,,2,1,0,1,CLEAR,DRY,False,LOCAL STREET,COLLISION WITH BICYCLIST,SINGLE VEHICLE,STRAIGHT & LEVEL,DAYLIGHT,False,2014-10-03 18:48:00-04:00,38.2371465,-85.8139676,True,False,FRIDAY
LOUISVILLE METRO POLICE DEPT,,,CRAIG,AVE,,0.414,,SOUTHERN HEIGHTS,,,,,2,1,0,1,CLOUDY,DRY,False,LOCAL STREET,COLLISION WITH BICYCLE,SINGLE VEHICLE,STRAIGHT & LEVEL,DAYLIGHT,True,2014-10-05 16:00:00-04:00,38.1898212,-85.7900132,True,False,SUNDAY
LOUISVILLE METRO POLICE DEPT,KY0061,,PRESTON,ST,S,12.339,,,US0150  ,BROADWAY,US0150,BROADWAY,2,1,0,0,CLOUDY,WET,False,STATE,COLLISION WITH BICYCLIST,SINGLE VEHICLE,STRAIGHT & LEVEL,DAYLIGHT,False,2014-10-06 12:00:00-04:00,38.2449037,-85.7476634,False,False,MONDAY
LOUISVILLE METRO POLICE DEPT,,,11TH,ST,S,0.735,US0150,BROADWAY,,,,,2,1,0,1,CLOUDY,DRY,False,LOCAL STREET,COLLISION WITH BICYCLE,SINGLE VEHICLE,STRAIGHT & LEVEL,DAYLIGHT,False,2014-10-11 14:12:00-04:00,38.2473698,-85.7699405,True,False,SATURDAY
LOUISVILLE METRO POLICE DEPT,,,HILLVIEW DR,,,,,SOUTHSIDE,,,,,2,1,0,1,CLOUDY,DRY,False,LOCAL STREET,COLLISION WITH BICYCLE,ANGLE,STRAIGHT & LEVEL,DAYLIGHT,False,2014-10-11 14:30:00-04:00,38.151833333,-85.759266667,True,False,SATURDAY
LOUISVILLE METRO POLICE DEPT,,,BURNETT,AVE,W,0.092,KY1020,2ND,,,,,2,1,0,1,CLEAR,DRY,True,LOCAL STREET,COLLISION WITH BICYCLE,SINGLE VEHICLE,STRAIGHT & LEVEL,DARK-HWY LIGHTED/ON,False,2014-10-12 03:12:00-04:00,38.2269632,-85.7583849,True,False,SUNDAY
LOUISVILLE METRO POLICE DEPT,,,23RD,ST,S,1.596,,,,,,,2,1,0,1,RAINING,WET,False,LOCAL STREET,COLLISION WITH BICYCLIST,SINGLE VEHICLE,STRAIGHT & LEVEL,DARK-HWY LIGHTED/ON,False,2014-10-13 22:01:00-04:00,38.2312075,-85.7945227,True,False,MONDAY
LOUISVILLE METRO POLICE DEPT,,,PHILLIPS,LN,,0.713,,,,EMBERSON,,EMBERSON,2,1,0,0,RAINING,WET,False,LOCAL STREET,COLLISION WITH BICYCLIST,SINGLE VEHICLE,STRAIGHT & LEVEL,DARK-HWY LIGHTED/ON,False,2014-10-15 21:50:00-04:00,38.1932306,-85.740093,False,False,WEDNESDAY
LOUISVILLE METRO POLICE DEPT,,,35TH,ST,S,0.043,,MARKET,,,,,2,1,0,1,CLEAR,DRY,False,LOCAL STREET,COLLISION WITH BICYCLE,SINGLE VEHICLE,STRAIGHT & LEVEL,DAYLIGHT,False,2014-10-16 10:00:00-04:00,38.2617151,-85.8083264,True,False,THURSDAY
LOUISVILLE METRO POLICE DEPT,KY1230,,CANE RUN,RD,,4.295,,GLOBAL,,,,,2,1,0,1,CLOUDY,DRY,False,STATE,COLLISION WITH BICYCLE,SINGLE VEHICLE,STRAIGHT & LEVEL,DAYLIGHT,False,2014-10-20 12:13:00-04:00,38.1398737,-85.8972811,True,False,MONDAY
LOUISVILLE METRO POLICE DEPT,,,ELEANOR,AVE,,1.194,,GARDINER,,,,,2,1,0,1,CLOUDY,WET,False,LOCAL STREET,COLLISION WITH BICYCLE,SINGLE VEHICLE,STRAIGHT & LEVEL,DAWN,False,2014-10-21 07:54:00-04:00,38.2111546,-85.6751406,True,False,TUESDAY
LOUISVILLE METRO POLICE DEPT,,,BRECKINRIDGE,ST,E,0.311,,BARRET,,,,,2,1,0,0,CLEAR,DRY,False,LOCAL STREET,COLLISION WITH BICYCLE,SINGLE VEHICLE,STRAIGHT & LEVEL,DAYLIGHT,False,2014-10-23 10:00:00-04:00,38.2403978,-85.7311172,False,False,THURSDAY
LOUISVILLE METRO POLICE DEPT,,,8TH,ST,S,0.272,,LIBERTY,,,,,2,1,0,1,CLEAR,DRY,False,LOCAL STREET,COLLISION WITH BICYCLE,SINGLE VEHICLE,STRAIGHT & LEVEL,DAYLIGHT,False,2014-10-23 14:10:00-04:00,38.2534355,-85.7638325,True,False,THURSDAY
LOUISVILLE METRO POLICE DEPT,US0031W,,MARKET,ST,W,21.615,,,,7TH,,6TH,2,1,0,0,CLEAR,DRY,False,FEDERAL,COLLISION WITH BICYCLIST,SINGLE VEHICLE,STRAIGHT & LEVEL,DAYLIGHT,False,2014-10-24 11:46:00-04:00,38.2556546,-85.7609108,False,False,FRIDAY
LOUISVILLE METRO POLICE DEPT,US0060A,,LEXINGTON,RD,,10.337,,BAUER,,,,,2,1,0,0,CLEAR,DRY,True,FEDERAL,COLLISION WITH BICYCLE,SINGLE VEHICLE,STRAIGHT & LEVEL,DARK-HWY LIGHTED/ON,False,2014-10-26 02:31:00-04:00,38.251685,-85.660947,False,False,SUNDAY
LOUISVILLE METRO POLICE DEPT,,,WILLIAM,ST,,0.217,US0060,FRANKFORT,,,,,2,1,0,0,CLEAR,DRY,False,LOCAL STREET,COLLISION WITH BICYCLE,SINGLE VEHICLE,STRAIGHT & LEVEL,DAYLIGHT,False,2014-10-27 08:45:00-04:00,38.2571625,-85.717781,False,False,MONDAY
LOUISVILLE METRO POLICE DEPT,US0060A,,EASTERN,PKWY,,5.07,,BURNETT,,,,,2,1,0,0,CLEAR,DRY,False,FEDERAL,COLLISION WITH BICYCLE,SINGLE VEHICLE,STRAIGHT & LEVEL,DUSK,False,2014-10-28 19:10:00-04:00,38.2188864,-85.735287,False,False,TUESDAY
LOUISVILLE METRO POLICE DEPT,,,CARNATION,DR,,0.274,,JESSAMINE,,,,,2,1,0,1,CLEAR,DRY,False,LOCAL STREET,COLLISION WITH BICYCLE,SINGLE VEHICLE,STRAIGHT & LEVEL,DAYLIGHT,False,2014-10-29 00:00:00-04:00,38.1392612,-85.8610375,True,False,WEDNESDAY
LOUISVILLE METRO POLICE DEPT,KY1020,,3RD,ST,S,9.867,US0060A,WINKLER,,,,,2,1,0,0,CLEAR,DRY,False,STATE,COLLISION WITH BICYCLE,SINGLE VEHICLE,STRAIGHT & GRADE,DARK-HWY LIGHTED/ON,False,2014-11-03 18:32:00-05:00,38.2101462,-85.7629781,False,False,MONDAY
LOUISVILLE METRO POLICE DEPT,,,HIKES,LN,,0.867,,,KY2251  ,BARDSTOWN,,GREEN MEADOWS,2,1,0,1,RAINING,WET,False,LOCAL STREET,COLLISION WITH BICYCLIST,SINGLE VEHICLE,STRAIGHT & LEVEL,DARK-HWY LIGHTED/ON,False,2014-11-05 18:50:00-05:00,38.1990689,-85.6599659,True,False,WEDNESDAY
LOUISVILLE METRO POLICE DEPT,,,HEPBURN,AVE,,,,BARRET,,,,,2,1,0,0,RAINING,WET,False,LOCAL STREET,COLLISION WITH BICYCLE,ANGLE,STRAIGHT & GRADE,DAYLIGHT,False,2014-11-06 16:12:00-05:00,38.201666667,-85.536666667,False,False,THURSDAY
LOUISVILLE METRO POLICE DEPT,US0031E,,BARDSTOWN,RD,,14.563,,,,SHERWOOD,,SHERWOOD,2,1,0,0,CLEAR,DRY,False,FEDERAL,COLLISION WITH BICYCLIST,SINGLE VEHICLE,STRAIGHT & LEVEL,DAYLIGHT,False,2014-11-07 14:45:00-05:00,38.2316374,-85.708185,False,False,FRIDAY
INDIAN HILLS POLICE DEPARTMENT,,,RIVER,RD,,1.181,,,,INDIAN HILLS,,RIVERSIDE,2,1,0,1,CLEAR,DRY,False,LOCAL STREET,COLLISION WITH BICYCLIST,SINGLE VEHICLE,STRAIGHT & LEVEL,DAYLIGHT,False,2014-11-14 17:00:00-05:00,38.2906322,-85.6808092,True,False,FRIDAY
LOUISVILLE METRO POLICE DEPT,,,INDIAN,TRL,E,0.001,KY0061,PRESTON,,,,,2,1,0,1,CLEAR,DRY,False,LOCAL STREET,COLLISION WITH BICYCLE,SINGLE VEHICLE,STRAIGHT & LEVEL,DARK-HWY LIGHTED/ON,False,2014-11-15 23:38:00-05:00,38.1687485,-85.7065739,True,False,SATURDAY
LOUISVILLE METRO POLICE DEPT,KY2051,,CAMP GROUND,RD,,4.614,,,,,,,2,1,0,1,SNOWING,SNOW/SLUSH,False,STATE,COLLISION WITH BICYCLIST,SINGLE VEHICLE,STRAIGHT & LEVEL,DUSK,False,2014-11-17 07:05:00-05:00,38.2076275,-85.8469912,True,False,MONDAY
LOUISVILLE METRO POLICE DEPT,US0060,,FRANKFORT,AVE,,1.216,,,,PETERSON,,EWING,2,1,0,0,CLEAR,DRY,False,FEDERAL,COLLISION WITH BICYCLIST,SINGLE VEHICLE,STRAIGHT & LEVEL,DAYLIGHT,False,2014-11-22 12:10:00-05:00,38.2540029,-85.6980064,False,False,SATURDAY
LOUISVILLE METRO POLICE DEPT,KY1065,2200,OUTER,LOOP,,3.82,,,,,,,2,1,0,1,CLOUDY,WET,False,STATE,COLLISION WITH BICYCLIST,SINGLE VEHICLE,STRAIGHT & LEVEL,DARK-HWY NOT LIGHTED,False,2014-11-24 03:00:00-05:00,38.1326739,-85.7261443,True,False,MONDAY
LOUISVILLE METRO POLICE DEPT,,,MUHAMMAD ALI,BLVD,W,0.164,KY1020,3RD,,,,,2,1,0,1,CLEAR,DRY,False,LOCAL STREET,COLLISION WITH BICYCLE,SINGLE VEHICLE,STRAIGHT & LEVEL,DAYLIGHT,False,2014-11-25 13:41:00-05:00,38.2509064,-85.7555252,True,False,TUESDAY
LOUISVILLE METRO POLICE DEPT,US0031E,,BARDSTOWN,RD,,6.592,,FAIRGROUND,,,,,2,1,0,0,CLEAR,DRY,False,FEDERAL,COLLISION WITH BICYCLE,SINGLE VEHICLE,STRAIGHT & LEVEL,DUSK,False,2014-11-25 17:00:00-05:00,38.1629519,-85.5959772,False,False,TUESDAY
ST. MATTHEWS POLICE DEPARTMENT,,,MASSIE,AVE,,0.134,KY1932,CHENOWETH,,,,,2,1,0,1,CLOUDY,DRY,False,LOCAL STREET,COLLISION WITH BICYCLE,SINGLE VEHICLE,STRAIGHT & LEVEL,DAYLIGHT,False,2014-12-15 13:10:00-05:00,38.2562664,-85.6582034,True,False,MONDAY
LOUISVILLE METRO POLICE DEPT,US0150,,BROADWAY,,W,2.055,,8TH,,,,,2,1,0,1,CLEAR,DRY,False,FEDERAL,COLLISION WITH BICYCLE,SINGLE VEHICLE,STRAIGHT & LEVEL,DAYLIGHT,False,2014-12-16 17:00:00-05:00,38.2466713,-85.7643026,True,False,TUESDAY
LOUISVILLE METRO POLICE DEPT,KY1447,,WESTPORT,RD,,5.821,,,,WESTPORT GREEN,,ASSEMBLY,2,1,0,1,RAINING,WET,False,STATE,COLLISION WITH BICYCLIST,SINGLE VEHICLE,STRAIGHT & LEVEL,DARK-HWY NOT LIGHTED,False,2014-12-23 17:15:00-05:00,38.2922153,-85.5625969,True,False,TUESDAY
LOUISVILLE METRO POLICE DEPT,,,18TH,ST,S,0.579,,PLYMOUTH,,,,,2,1,0,1,CLOUDY,DRY,False,LOCAL STREET,COLLISION WITH BICYCLE,SINGLE VEHICLE,STRAIGHT & LEVEL,DAYLIGHT,False,2014-12-25 00:00:00-05:00,38.2508783,-85.7812217,True,False,THURSDAY
LOUISVILLE METRO POLICE DEPT,,,7TH,ST,S,0.867,,,,,,,2,1,0,1,CLEAR,DRY,False,LOCAL STREET,COLLISION WITH BICYCLIST,SINGLE VEHICLE,STRAIGHT & LEVEL,DAYLIGHT,True,2015-01-14 17:50:00-05:00,38.2295879,-85.7675571,True,False,WEDNESDAY
LOUISVILLE METRO POLICE DEPT,,,CENTRAL STATION,BLVD,,0.051,KY1020,3RD,,,,,2,1,0,0,CLEAR,DRY,False,LOCAL STREET,COLLISION WITH BICYCLE,SINGLE VEHICLE,STRAIGHT & LEVEL,DAYLIGHT,False,2015-01-15 16:00:00-05:00,38.2035248,-85.7641338,False,False,THURSDAY
LOUISVILLE METRO POLICE DEPT,US0031E,,MARKET,ST,E,16.635,US0031E,BAXTER,,,,,2,1,0,0,CLEAR,DRY,False,FEDERAL,COLLISION WITH BICYCLE,SINGLE VEHICLE,STRAIGHT & LEVEL,DARK-HWY LIGHTED/ON,False,2015-01-15 23:47:00-05:00,38.2525879,-85.7325504,False,False,THURSDAY
INDIAN HILLS POLICE DEPARTMENT,,,RIVER,RD,,1.068,,INDIAN HILLS,,,,,2,1,0,1,CLEAR,DRY,False,LOCAL STREET,COLLISION WITH BICYCLE,SINGLE VEHICLE,CURVE & LEVEL,DAYLIGHT,False,2015-01-19 16:55:00-05:00,38.2896723,-85.6825147,True,False,MONDAY
LOUISVILLE METRO POLICE DEPT,KY0155,,TAYLORSVILLE,RD,,16.203,,,,CAROLINA,,BROADMEADE,2,1,0,1,CLEAR,WET,False,STATE,COLLISION WITH BICYCLIST,SINGLE VEHICLE,STRAIGHT & LEVEL,DARK-HWY LIGHTED/ON,False,2015-01-23 23:27:00-05:00,38.2236711,-85.6786299,True,False,FRIDAY
LOUISVILLE METRO POLICE DEPT,,,JEANINE,DR,,0.908,,INDIAN,,,,,2,1,0,1,CLEAR,DRY,False,LOCAL STREET,COLLISION WITH BICYCLE,SINGLE VEHICLE,STRAIGHT & LEVEL,DAYLIGHT,False,2015-02-10 17:50:00-05:00,38.1706953,-85.6886462,True,False,TUESDAY
LOUISVILLE METRO POLICE DEPT,,,4TH,ST,S,1.017,,BRECKINRIDGE,,,,,2,1,0,1,CLEAR,DRY,False,LOCAL STREET,COLLISION WITH BICYCLE,SINGLE VEHICLE,STRAIGHT & LEVEL,DAYLIGHT,False,2015-02-11 15:18:00-05:00,38.2420249,-85.7591114,True,False,WEDNESDAY
LOUISVILLE METRO POLICE DEPT,,,CARLISLE,AVE,,0.21,,WHEELER,,,,,2,1,0,1,CLOUDY,DRY,False,LOCAL STREET,COLLISION WITH BICYCLE,SINGLE VEHICLE,STRAIGHT & LEVEL,DARK-HWY LIGHTED/ON,False,2015-02-14 21:36:00-05:00,38.1943768,-85.7883561,True,False,SATURDAY
LOUISVILLE METRO POLICE DEPT,KY0913,,BLANKENBAKER,PKWY,,1.409,,,,ELECTRON,,REHL,2,1,1,0,CLOUDY,WET,False,STATE,COLLISION WITH BICYCLIST,SINGLE VEHICLE,CURVE & HILLCREST,DARK-HWY NOT LIGHTED,False,2015-03-09 23:41:00-04:00,38.2046614,-85.5380492,False,True,MONDAY
LOUISVILLE METRO POLICE DEPT,,,BROADWAY,,W,0.813,,,,30TH,,31ST,2,1,0,1,CLEAR,DRY,True,LOCAL STREET,COLLISION WITH BICYCLIST,SINGLE VEHICLE,STRAIGHT & LEVEL,DARK-HWY LIGHTED/ON,False,2015-03-11 20:50:00-04:00,38.2497265,-85.8031414,True,False,WEDNESDAY
LOUISVILLE METRO POLICE DEPT,,,HERMAN,ST,,0.736,,43RD,,,,,2,1,0,1,CLEAR,DRY,False,LOCAL STREET,COLLISION WITH BICYCLE,SINGLE VEHICLE,STRAIGHT & LEVEL,DAYLIGHT,False,2015-03-16 17:49:00-04:00,38.261497,-85.8205574,True,False,MONDAY
LOUISVILLE METRO POLICE DEPT,US0060A,,TAYLOR,BLVD,,1.792,,OLEANDA,,,,,2,1,0,1,CLEAR,DRY,False,FEDERAL,COLLISION WITH BICYCLE,SINGLE VEHICLE,STRAIGHT & LEVEL,DAYLIGHT,False,2015-03-22 15:04:00-04:00,38.2005897,-85.7825645,True,False,SUNDAY
LOUISVILLE METRO POLICE DEPT,,9800,LOWER RIVER,RD,,0.27,,,,,,,2,1,0,1,CLEAR,DRY,False,LOCAL STREET,COLLISION WITH BICYCLIST,SINGLE VEHICLE,STRAIGHT & LEVEL,DAYLIGHT,False,2015-03-22 17:07:00-04:00,38.1125401,-85.8928262,True,False,SUNDAY
LOUISVILLE METRO POLICE DEPT,,,VERMONT,,,,,0033,,,,,2,1,0,0,CLEAR,DRY,False,LOCAL STREET,COLLISION WITH BICYCLE,ANGLE,STRAIGHT & LEVEL,DARK-HWY LIGHTED/ON,False,2015-03-24 04:22:00-04:00,38.201666667,-85.536666667,False,False,TUESDAY
LOUISVILLE METRO POLICE DEPT,,,BROADWAY,,W,1.18,,35TH,,,,,2,1,0,1,CLEAR,DRY,False,LOCAL STREET,COLLISION WITH BICYCLE,SINGLE VEHICLE,STRAIGHT & LEVEL,DAYLIGHT,False,2015-03-30 10:00:00-04:00,38.2499238,-85.8098817,True,False,MONDAY
LOUISVILLE METRO POLICE DEPT,,,BROADWAY,,,,,RUBEL,,,,,2,1,0,0,CLEAR,DRY,False,LOCAL STREET,COLLISION WITH BICYCLE,HEAD ON,STRAIGHT & LEVEL,DAYLIGHT,False,2015-03-30 17:45:00-04:00,38.201666667,-85.536666667,False,False,MONDAY