investigating_agency,roadway_number,building_number,roadway_name,roadway_suffix,roadway_direction,milepoint,intersection_roadway_number,intersection_roadway_name,between_street_number_1,between_street_name_1,between_street_number_2,between_street_name_2,units_involved,motor_vehicles_involved,killed,injured,weather,roadway_condition,hit_and_run,roadway_type,directional_analysis,manner_of_collision,roadway_character,light_condition,secondary_collision,date,latitude,longitude,injury_indicator,fatality_indicator,day_of_week
LOUISVILLE METRO POLICE DEPT,KY1747,,FERN VALLEY,RD,,2.383,,JEANINE,,,,,3,2,0,2,CLEAR,DRY,False,STATE,COLLISION WITH BICYCLE,ANGLE,STRAIGHT & LEVEL,DAYLIGHT,False,2015-03-30 20:00:00-04:00,38.1578699,-85.6885569,True,False,MONDAY
LOUISVILLE METRO POLICE DEPT,,,MUHAMMAD ALI,BLVD,,,,PRESTON,,,,,2,1,0,1,CLEAR,WET,True,LOCAL STREET,COLLISION WITH BICYCLE,ANGLE,STRAIGHT & LEVEL,DAYLIGHT,False,2015-04-02 16:55:00-04:00,38.201666667,-85.536666667,True,False,THURSDAY
LOUISVILLE METRO POLICE DEPT,,,EASTERN,PKWY,,0.182,,,,,,,2,1,0,1,RAINING,WET,False,LOCAL STREET,COLLISION WITH BICYCLIST,SINGLE VEHICLE,STRAIGHT & LEVEL,DAYLIGHT,False,2015-04-03 08:53:00-04:00,38.2344876,-85.7051825,True,False,FRIDAY
LOUISVILLE METRO POLICE DEPT,,,LINDELL,AVE,,0.064,,,,BROADWAY,,DEL PARK,2,1,0,1,CLEAR,DRY,False,LOCAL STREET,COLLISION WITH BICYCLIST,SINGLE VEHICLE,STRAIGHT & LEVEL,DAYLIGHT,False,2015-04-05 15:43:00-04:00,38.2509546,-85.8121732,True,False,SUNDAY
LOUISVILLE METRO POLICE DEPT,,,BROADWAY,,W,1.28,,SUTCLIFFE,,,,,2,1,0,1,CLEAR,DRY,False,LOCAL STREET,COLLISION WITH BICYCLE,SINGLE VEHICLE,STRAIGHT & LEVEL,DAYLIGHT,False,2015-04-05 17:36:00-04:00,38.2499855,-85.811703,True,False,SUNDAY
LOUISVILLE METRO POLICE DEPT,,,4TH,ST,S,3.586,,CENTRAL,,,,,2,1,0,0,RAINING,WET,False,LOCAL STREET,COLLISION WITH BICYCLE,SINGLE VEHICLE,STRAIGHT & LEVEL,DAYLIGHT,False,2015-04-07 18:20:00-04:00,38.2051647,-85.765586,False,False,TUESDAY
LOUISVILLE METRO POLICE DEPT,KY0907,,3RD,ST,,3.399,,,,LAKERIDGE,,WINDSOR PARK,2,1,0,1,RAINING,WET,True,STATE,COLLISION WITH BICYCLIST,SINGLE VEHICLE,STRAIGHT & LEVEL,DUSK,False,2015-04-07 20:08:00-04:00,38.1165329,-85.8116627,True,False,TUESDAY
LOUISVILLE METRO POLICE DEPT,,,FRANFORT AVE,,,,,KENNEDY AVE,,,,,2,1,0,2,CLEAR,DRY,False,LOCAL STREET,COLLISION WITH BICYCLE,ANGLE,STRAIGHT & LEVEL,DAYLIGHT,False,2015-04-09 18:45:00-04:00,38.201666667,-85.536666667,True,False,THURSDAY
LOUISVILLE METRO POLICE DEPT,US0031E,,MAIN,ST,E,17.498,,,,,,,2,1,0,1,CLEAR,DRY,False,FEDERAL,COLLISION WITH BICYCLIST,SINGLE VEHICLE,STRAIGHT & LEVEL,DAYLIGHT,False,2015-04-17 12:35:00-04:00,38.2555165,-85.7465013,True,False,FRIDAY
LOUISVILLE METRO POLICE DEPT,,,PAYNE,ST,,0.814,,,,SPRING,,CHARLTON,2,1,0,1,CLEAR,DRY,False,LOCAL STREET,COLLISION WITH BICYCLIST,SINGLE VEHICLE,STRAIGHT & GRADE,DARK-HWY LIGHTED/ON,False,2015-04-20 21:57:00-04:00,38.2519378,-85.7181856,True,False,MONDAY
SHIVELY POLICE DEPARTMENT,,,CARDINAL,CT,,0.064,,,,VENHOFF,,STEWART,2,1,0,0,CLOUDY,DRY,False,LOCAL STREET,COLLISION WITH BICYCLIST,SINGLE VEHICLE,STRAIGHT & LEVEL,DAYLIGHT,False,2015-04-21 17:00:00-04:00,38.1769685,-85.8174463,False,False,TUESDAY
LOUISVILLE METRO POLICE DEPT,,,PEE WEE REESE,RD,,1.537,,ROCK CREEK,,,,,2,1,0,1,CLEAR,DRY,False,LOCAL STREET,COLLISION WITH BICYCLE,SINGLE VEHICLE,CURVE & LEVEL,DAYLIGHT,False,2015-04-28 18:18:00-04:00,38.2416729,-85.6735969,True,False,TUESDAY
LOUISVILLE METRO POLICE DEPT,,,RODMAN,ST,,0.463,,CREEL,,,,,2,1,0,1,CLEAR,DRY,False,FRONTAGE ROAD,COLLISION WITH BICYCLE,SINGLE VEHICLE,STRAIGHT & LEVEL,DAYLIGHT,False,2015-05-02 16:13:00-04:00,38.2129377,-85.7692768,True,False,SATURDAY
LOUISVILLE METRO POLICE DEPT,KY1727,,TERRY,RD,,1.579,KY1931,GREENWOOD,,,,,2,1,0,1,CLEAR,DRY,True,STATE,COLLISION WITH BICYCLE,SINGLE VEHICLE,STRAIGHT & LEVEL,DAYLIGHT,False,2015-05-03 18:30:00-04:00,38.1445276,-85.8719611,True,False,SUNDAY
LOUISVILLE METRO POLICE DEPT,US0031E,,MARKET,ST,W,17.789,US0031W,2ND,,,,,2,1,0,1,CLEAR,DRY,False,FEDERAL,COLLISION WITH BICYCLE,SINGLE VEHICLE,STRAIGHT & LEVEL,DAYLIGHT,False,2015-05-05 08:28:00-04:00,38.254873,-85.7535428,True,False,TUESDAY
LOUISVILLE METRO POLICE DEPT,,,MICHAEL EDWARD,DR,,0.174,,SPRUCEWOOD,,,,,2,1,0,0,CLEAR,DRY,False,COUNTY ROAD,COLLISION WITH BICYCLE,SINGLE VEHICLE,STRAIGHT & LEVEL,DAYLIGHT,False,2015-05-07 20:13:00-04:00,38.1712006,-85.575873,False,False,THURSDAY
LOUISVILLE METRO POLICE DEPT,,,PORTLAND AVE,,,,,0032,,,,,2,1,0,0,CLEAR,DRY,False,LOCAL STREET,COLLISION WITH BICYCLE,ANGLE,STRAIGHT & LEVEL,DAYLIGHT,False,2015-05-09 16:50:00-04:00,38.201666667,-85.536666667,False,False,SATURDAY
SHIVELY POLICE DEPARTMENT,US0031W,,DIXIE,HWY,,15.109,,GARRS,,,,,2,1,0,1,CLEAR,DRY,False,FEDERAL,COLLISION WITH BICYCLE,SINGLE VEHICLE,STRAIGHT & LEVEL,DAYLIGHT,False,2015-05-10 11:43:00-04:00,38.1893692,-85.8100026,True,False,SUNDAY
LOUISVILLE METRO POLICE DEPT,,,TAZWELL,DR,,0.633,,PACELLI,,,,,2,1,0,1,CLEAR,DRY,False,LOCAL STREET,COLLISION WITH BICYCLE,SINGLE VEHICLE,STRAIGHT & LEVEL,DAYLIGHT,False,2015-05-12 19:33:00-04:00,38.3077486,-85.5311038,True,False,TUESDAY
LOUISVILLE METRO POLICE DEPT,,,26TH,ST,S,1.373,,GRAND,,,,,2,1,0,1,CLEAR,DRY,False,LOCAL STREET,COLLISION WITH BICYCLE,SINGLE VEHICLE,STRAIGHT & LEVEL,DAYLIGHT,False,2015-05-15 14:13:00-04:00,38.2409203,-85.7958738,True,False,FRIDAY
LOUISVILLE METRO POLICE DEPT,,,35TH,ST,S,0.65,,,,BROADWAY,,DOERHOEFER,2,1,0,1,CLEAR,DRY,False,LOCAL STREET,COLLISION WITH BICYCLIST,SINGLE VEHICLE,STRAIGHT & LEVEL,DAYLIGHT,False,2015-05-23 16:10:00-04:00,38.2489869,-85.8099146,True,False,SATURDAY
LOUISVILLE METRO POLICE DEPT,KY1020,,NATIONAL,TPKE,,4.279,,TOLLS,,,,,2,1,0,1,CLOUDY,DRY,False,STATE,COLLISION WITH BICYCLE,SINGLE VEHICLE,STRAIGHT & LEVEL,DAYLIGHT,False,2015-06-03 11:32:00-04:00,38.1356199,-85.7523184,True,False,WEDNESDAY
LOUISVILLE METRO POLICE DEPT,,,BEECHER,ST,,0.205,,PEACHTREE,,,,,2,1,0,1,CLEAR,DRY,False,LOCAL STREET,COLLISION WITH BICYCLE,SINGLE VEHICLE,STRAIGHT & LEVEL,DAYLIGHT,False,2015-06-06 15:40:00-04:00,38.1916846,-85.779501,True,False,SATURDAY
LOUISVILLE METRO POLICE DEPT,KY0061,,PRESTON,HWY,,2.982,,HIGH SCHOOL,,,,,2,1,0,1,CLEAR,DRY,False,STATE,COLLISION WITH BICYCLE,SINGLE VEHICLE,STRAIGHT & LEVEL,DAYLIGHT,False,2015-06-07 12:50:00-04:00,38.125313,-85.6796295,True,False,SUNDAY
LOUISVILLE METRO POLICE DEPT,,,PAYNE,ST,,0.214,,COOPER,,,,,2,1,0,1,CLEAR,DRY,False,LOCAL STREET,COLLISION WITH BICYCLE,SINGLE VEHICLE,STRAIGHT & LEVEL,DARK-HWY LIGHTED/ON,False,2015-06-10 00:00:00-04:00,38.2471157,-85.7273549,True,False,WEDNESDAY
LOUISVILLE METRO POLICE DEPT,,,16TH,ST,S,1.917,KY2054,ALGONQUIN,,,,,2,1,0,1,CLEAR,DRY,False,LOCAL STREET,COLLISION WITH BICYCLE,SINGLE VEHICLE,CURVE & LEVEL,DAYLIGHT,False,2015-06-10 15:56:00-04:00,38.2221745,-85.7827977,True,False,WEDNESDAY
LOUISVILLE METRO POLICE DEPT,,,RIVER,RD,,0.832,,,,,,,2,1,0,0,CLEAR,DRY,False,LOCAL STREET,COLLISION WITH BICYCLIST,SINGLE VEHICLE,CURVE & LEVEL,DAYLIGHT,False,2015-06-13 09:32:00-04:00,38.262813,-85.7325299,False,False,SATURDAY
LOUISVILLE METRO POLICE DEPT,,3231,VIRGINIA,AVE,,0.667,,,,,,,3,2,0,1,CLEAR,DRY,False,LOCAL STREET,COLLISION WITH BICYCLIST,ANGLE,STRAIGHT & LEVEL,DAYLIGHT,False,2015-06-14 16:27:00-04:00,38.2388235,-85.8084104,True,False,SUNDAY
LOUISVILLE METRO POLICE DEPT,,,MARKET,ST,W,0.506,,,,,,,2,1,0,1,CLEAR,DRY,True,LOCAL STREET,COLLISION WITH BICYCLIST,SINGLE VEHICLE,STRAIGHT & LEVEL,DAYLIGHT,False,2015-06-15 18:10:00-04:00,38.2597385,-85.7956562,True,False,MONDAY
LOUISVILLE METRO POLICE DEPT,KY1065,3521,OUTER,LOOP,,5.562,,,,,,,2,1,0,1,CLEAR,DRY,False,STATE,COLLISION WITH BICYCLIST,SINGLE VEHICLE,STRAIGHT & LEVEL,DARK-HWY LIGHTED/OFF,False,2015-06-23 23:42:00-04:00,38.1362348,-85.6953923,True,False,TUESDAY
LOUISVILLE METRO POLICE DEPT,,,OLD TOWNE,RD,,0.0,KY1020,NATIONAL,,,,,2,1,0,1,CLEAR,DRY,False,LOCAL STREET,COLLISION WITH BICYCLE,SINGLE VEHICLE,STRAIGHT & LEVEL,DAYLIGHT,False,2015-06-25 16:36:00-04:00,38.1483668,-85.7602492,True,False,THURSDAY
LOUISVILLE METRO POLICE DEPT,,,SHELBY,ST,S,0.534,KY0864,GRAY,,,,,2,1,0,1,RAINING,WET,False,LOCAL STREET,COLLISION WITH BICYCLE,SINGLE VEHICLE,STRAIGHT & LEVEL,DAYLIGHT,False,2015-06-26 17:44:00-04:00,38.2458395,-85.7393114,True,False,FRIDAY
LOUISVILLE METRO POLICE DEPT,,4450,3RD,ST,S,0.748,,,,,,,2,1,0,0,CLEAR,DRY,False,LOCAL STREET,COLLISION WITH BICYCLIST,SINGLE VEHICLE,STRAIGHT & LEVEL,DARK-HWY LIGHTED/ON,False,2015-07-04 21:51:00-04:00,38.189757,-85.7648575,False,False,SATURDAY
LOUISVILLE METRO POLICE DEPT,,,5TH,ST,S,3.073,US0150,BROADWAY,,,,,2,1,0,1,CLEAR,DRY,False,LOCAL STREET,COLLISION WITH BICYCLE,SINGLE VEHICLE,STRAIGHT & LEVEL,DARK-HWY LIGHTED/ON,False,2015-07-06 23:39:00-04:00,38.2461655,-85.7600269,True,False,MONDAY
LOUISVILLE METRO POLICE DEPT,,7010,GREEN MANOR,DR,,0.044,,,,,,,2,1,0,1,CLEAR,WET,True,LOCAL STREET,COLLISION WITH BICYCLIST,SINGLE VEHICLE,STRAIGHT & LEVEL,DARK-HWY LIGHTED/ON,False,2015-07-08 01:25:00-04:00,38.1469035,-85.6288442,True,False,WEDNESDAY
LOUISVILLE METRO POLICE DEPT,,,TAYLOR,AVE,,0.533,,,,REDWOOD,,LEE,2,1,0,1,CLEAR,DRY,False,LOCAL STREET,COLLISION WITH BICYCLIST,SINGLE VEHICLE,STRAIGHT & LEVEL,DAYLIGHT,False,2015-07-10 15:40:00-04:00,38.1983859,-85.7095098,True,False,FRIDAY
LOUISVILLE METRO POLICE DEPT,,,ROWAN,ST,,1.389,,26TH,,,,,2,1,0,1,CLEAR,DRY,False,NONE OF THE ABOVE,COLLISION WITH BICYCLE,SINGLE VEHICLE,STRAIGHT & LEVEL,DAYLIGHT,False,2015-07-12 17:31:00-04:00,38.2621786,-85.7937497,True,False,SUNDAY
LOUISVILLE METRO POLICE DEPT,KY0061,,JACKSON,ST,S,12.731,,,,BALLARD,,LIBERTY,2,1,0,0,CLOUDY,WET,False,STATE,COLLISION WITH BICYCLIST,SINGLE VEHICLE,STRAIGHT & LEVEL,DAYLIGHT,False,2015-07-13 15:47:00-04:00,38.2514809,-85.7445084,False,False,MONDAY
LOUISVILLE METRO POLICE DEPT,,900,28TH,ST,S,1.17,,,,,,,2,1,0,1,CLEAR,DRY,False,LOCAL STREET,COLLISION WITH BICYCLIST,SINGLE VEHICLE,STRAIGHT & LEVEL,DAYLIGHT,False,2015-07-15 15:40:00-04:00,38.2442408,-85.7992253,True,False,WEDNESDAY
LOUISVILLE METRO POLICE DEPT,,,DUTCHMANS,LN,,0.141,,,KY2048  ,CANNONS,KY2048,DUTCHMANS,2,1,0,1,CLEAR,DRY,False,LOCAL STREET,COLLISION WITH BICYCLIST,SINGLE VEHICLE,STRAIGHT & LEVEL,DARK-HWY LIGHTED/ON,False,2015-07-17 00:35:00-04:00,38.2270621,-85.6483161,True,False,FRIDAY
LOUISVILLE METRO POLICE DEPT,KY0061,,PRESTON,HWY,,1.609,,,,,,,4,2,0,2,CLEAR,DRY,True,STATE,COLLISION WITH BICYCLIST,REAR END,STRAIGHT & LEVEL,DARK-HWY LIGHTED/ON,False,2015-07-22 23:52:00-04:00,38.1061775,-85.6736115,True,False,WEDNESDAY
LOUISVILLE METRO POLICE DEPT,,,OXMOOR,LN,,0.29,,,,BULLITT,,OXMOOR,2,1,0,1,CLEAR,DRY,False,COUNTY ROAD,COLLISION WITH BICYCLIST,SINGLE VEHICLE,CURVE & LEVEL,DAYLIGHT,False,2015-07-23 10:26:00-04:00,38.2452431,-85.6129162,True,False,THURSDAY
LOUISVILLE METRO POLICE DEPT,,,GRAND,AVE,,0.458,,,,23RD,,25TH,2,1,0,1,CLEAR,DRY,False,LOCAL STREET,COLLISION WITH BICYCLIST,SINGLE VEHICLE,STRAIGHT & LEVEL,DAYLIGHT,False,2015-07-27 12:38:00-04:00,38.24065,-85.7941,True,False,MONDAY
LOUISVILLE METRO POLICE DEPT,US0031W,8019,DIXIE,HWY,,11.114,,,,,,,2,1,0,1,CLEAR,DRY,False,FEDERAL,COLLISION WITH BICYCLIST,SINGLE VEHICLE,STRAIGHT & LEVEL,DAYLIGHT,False,2015-07-29 16:21:00-04:00,38.1370285,-85.8435345,True,False,WEDNESDAY
LOUISVILLE METRO POLICE DEPT,,,WENZEL,ST,N,0.0,US0031E,MAIN,,,,,2,1,0,1,CLEAR,DRY,False,LOCAL STREET,COLLISION WITH BICYCLE,SINGLE VEHICLE,STRAIGHT & LEVEL,DAYLIGHT,False,2015-08-04 13:30:00-04:00,38.2541384,-85.7337545,True,False,TUESDAY
LOUISVILLE METRO POLICE DEPT,US0060A,,TAYLOR,BLVD,,1.619,,LONGFIELD,,,,,2,1,0,1,CLEAR,DRY,False,FEDERAL,COLLISION WITH BICYCLE,SINGLE VEHICLE,STRAIGHT & LEVEL,DUSK,False,2015-08-05 22:10:00-04:00,38.1985704,-85.7827587,True,False,WEDNESDAY
LOUISVILLE METRO POLICE DEPT,US0031W,,DIXIE,HWY,,7.981,,DIXIE GARDEN,,,,,2,1,0,1,CLEAR,DRY,False,NONE OF THE ABOVE,COLLISION WITH BICYCLE,SINGLE VEHICLE,STRAIGHT & LEVEL,DAYLIGHT,False,2015-08-08 14:38:00-04:00,38.099096,-85.8719319,True,False,SATURDAY
LOUISVILLE METRO POLICE DEPT,KY1020,,3RD,ST,S,12.1,US0150,BROADWAY,,,,,2,1,0,0,CLEAR,DRY,False,STATE,COLLISION WITH BICYCLE,SINGLE VEHICLE,STRAIGHT & LEVEL,DARK-HWY LIGHTED/ON,False,2015-08-14 00:22:00-04:00,38.245958,-85.7567122,False,False,FRIDAY
SHIVELY POLICE DEPARTMENT,US0060A,,7TH,ST,,0.348,,,,NOBEL,,LEROY,3,1,0,3,CLEAR,DRY,False,FEDERAL,COLLISION WITH BICYCLIST,SINGLE VEHICLE,STRAIGHT & LEVEL,DARK-HWY LIGHTED/ON,False,2015-08-14 22:20:00-04:00,38.1951764,-85.8027393,True,False,FRIDAY
LOUISVILLE METRO POLICE DEPT,,,26TH,ST,S,0.781,,BROADWAY,,,,,2,1,0,0,CLEAR,DRY,False,LOCAL STREET,COLLISION WITH BICYCLE,SINGLE VEHICLE,STRAIGHT & GRADE,DUSK,False,2015-08-15 00:29:00-04:00,38.2494709,-85.7949173,False,False,SATURDAY
LOUISVILLE METRO POLICE DEPT,,,26TH,ST,S,1.246,,KENTUCKY,,,,,2,1,0,1,CLEAR,DRY,False,LOCAL STREET,COLLISION WITH BICYCLE,SINGLE VEHICLE,STRAIGHT & LEVEL,DARK-HWY LIGHTED/ON,False,2015-08-21 23:19:00-04:00,38.2427472,-85.7956583,True,False,FRIDAY
LOUISVILLE METRO POLICE DEPT,,,ACME,WAY,,0.339,,BAY PINE,,,,,2,1,0,1,CLEAR,DRY,False,LOCAL STREET,COLLISION WITH BICYCLE,SINGLE VEHICLE,STRAIGHT & HILLCREST,DAYLIGHT,False,2015-08-23 16:00:00-04:00,38.1300301,-85.6479148,True,False,SUNDAY
SHIVELY POLICE DEPARTMENT,,,AMBOY,DR,,0.112,,,,PEASLEE,,MILDRED,2,1,0,1,CLEAR,DRY,False,LOCAL STREET,COLLISION WITH BICYCLIST,SINGLE VEHICLE,STRAIGHT & LEVEL,DAYLIGHT,False,2015-08-24 18:40:00-04:00,38.2030592,-85.817984,True,False,MONDAY
LOUISVILLE METRO POLICE DEPT,KY2054,,ALGONQUIN,PKWY,,2.387,,,,13TH,,13TH,2,1,0,0,CLEAR,DRY,True,STATE,COLLISION WITH BICYCLIST,SINGLE VEHICLE,CURVE & LEVEL,DAYLIGHT,False,2015-08-26 08:52:00-04:00,38.2212122,-85.7791369,False,False,WEDNESDAY
LOUISVILLE METRO POLICE DEPT,,,TAYLOR,AVE,,0.66,,,,,,,2,1,0,1,CLEAR,DRY,False,LOCAL STREET,COLLISION WITH BICYCLIST,SINGLE VEHICLE,STRAIGHT & LEVEL,DAYLIGHT,False,2015-08-28 16:00:00-04:00,38.199528,-85.7076277,True,False,FRIDAY
LOUISVILLE METRO POLICE DEPT,,,ZORN,AVE,,1.444,,MELLWOOD,,,,,2,1,0,1,CLEAR,DRY,False,LOCAL STREET,COLLISION WITH BICYCLE,SINGLE VEHICLE,STRAIGHT & LEVEL,DAYLIGHT,False,2015-08-29 10:03:00-04:00,38.2736925,-85.6961768,True,False,SATURDAY
LOUISVILLE METRO POLICE DEPT,US0042,,MELLWOOD,AVE,,0.806,US0060,FRANKFORT,,,,,2,1,0,0,CLEAR,DRY,False,FEDERAL,COLLISION WITH BICYCLE,SINGLE VEHICLE,STRAIGHT & LEVEL,DAYLIGHT,False,2015-08-29 14:36:00-04:00,38.2577341,-85.7194825,False,False,SATURDAY
LOUISVILLE METRO POLICE DEPT,US0031W,10300,DIXIE,HWY,,8.555,,,,,,,2,1,0,1,CLEAR,DRY,False,FEDERAL,COLLISION WITH BICYCLIST,SINGLE VEHICLE,STRAIGHT & LEVEL,DARK-HWY LIGHTED/ON,False,2015-08-30 22:10:00-04:00,38.1066243,-85.8673829,True,False,SUNDAY
LOUISVILLE METRO POLICE DEPT,,,16TH,ST,S,0.198,,JEFFERSON,,,,,2,1,0,0,CLEAR,DRY,False,LOCAL STREET,COLLISION WITH BICYCLE,SINGLE VEHICLE,STRAIGHT & LEVEL,DUSK,False,2015-09-01 19:23:00-04:00,38.255962,-85.7768824,False,False,TUESDAY
JEFFERSONTOWN POLICE DEPT,,,BILLTOWN,RD,,0.15,,WATTERSON,,,,,2,1,0,1,CLEAR,DRY,False,LOCAL STREET,COLLISION WITH BICYCLE,SINGLE VEHICLE,STRAIGHT & HILLCREST,DAWN,False,2015-09-02 06:56:00-04:00,38.1923427,-85.5684709,True,False,WEDNESDAY
LOUISVILLE METRO POLICE DEPT,,,JACOB,ST,W,0.0,KY1020,2ND,,,,,2,1,0,0,CLEAR,DRY,False,LOCAL STREET,COLLISION WITH BICYCLE,SINGLE VEHICLE,STRAIGHT & LEVEL,DARK-HWY LIGHTED/ON,False,2015-09-03 20:34:00-04:00,38.2445619,-85.7552695,False,False,THURSDAY
LOUISVILLE METRO POLICE DEPT,,,BLANTON,LN,,0.004,,,,,,,2,1,0,0,CLEAR,DRY,False,COUNTY ROAD,COLLISION WITH BICYCLIST,SINGLE VEHICLE,STRAIGHT & LEVEL,DAYLIGHT,False,2015-09-06 16:20:00-04:00,38.1573591,-85.8339306,False,False,SUNDAY
LOUISVILLE METRO POLICE DEPT,US0031W,12305,DIXIE,HWY,,6.737,,,,,,,2,1,0,1,CLOUDY,WET,True,FEDERAL,COLLISION WITH BICYCLIST,SINGLE VEHICLE,STRAIGHT & LEVEL,DUSK,False,2015-09-06 20:50:00-04:00,38.0826844,-85.8813748,True,False,SUNDAY
LOUISVILLE METRO POLICE DEPT,,,TORRINGTON,RD,,0.083,,,,,,,2,1,0,1,CLEAR,DRY,False,COUNTY ROAD,COLLISION WITH BICYCLIST,SINGLE VEHICLE,STRAIGHT & LEVEL,DAYLIGHT,False,2015-09-07 00:00:00-04:00,38.0924502,-85.8670519,True,False,MONDAY
LOUISVILLE METRO POLICE DEPT,,,RENAISSANCE VALLEY,WAY,,0.299,,,,,,,2,1,0,1,CLEAR,DRY,False,COUNTY ROAD,COLLISION WITH BICYCLIST,SINGLE VEHICLE,STRAIGHT & LEVEL,DARK-HWY LIGHTED/ON,False,2015-09-07 20:45:00-04:00,38.1056884,-85.8613835,True,False,MONDAY
JEFFERSONTOWN POLICE DEPT,KY1819,,RUCKRIEGEL,PKWY,,9.306,,PAVILION,,,,,2,1,0,1,RAINING,WET,False,STATE,COLLISION WITH BICYCLE,SINGLE VEHICLE,CURVE & GRADE,DARK-HWY LIGHTED/ON,False,2015-09-09 07:01:00-04:00,38.1897399,-85.5625791,True,False,WEDNESDAY
LOUISVILLE METRO POLICE DEPT,US0150,,DR W J HODGE,ST,,0.765,,,US0031W ,MAIN,,PIRTLE,2,1,0,1,CLOUDY,DRY,False,FEDERAL,COLLISION WITH BICYCLIST,SINGLE VEHICLE,STRAIGHT & LEVEL,DAYLIGHT,False,2015-09-09 16:15:00-04:00,38.2596786,-85.7846688,True,False,WEDNESDAY
LOUISVILLE METRO POLICE DEPT,,,PEE WEE REESE,RD,,2.138,KY2048,CANNONS,,,,,2,1,0,0,CLEAR,DRY,False,LOCAL STREET,COLLISION WITH BICYCLE,SINGLE VEHICLE,STRAIGHT & LEVEL,DAWN,False,2015-09-11 07:00:00-04:00,38.2462904,-85.6643109,False,False,FRIDAY
LOUISVILLE METRO POLICE DEPT,,,BLUEGRASS,AVE,,1.501,,SOUTHERN PKY,,,,,2,1,0,0,CLOUDY,DRY,False,LOCAL STREET,COLLISION WITH BICYCLE,SINGLE VEHICLE,STRAIGHT & LEVEL,DAYLIGHT,False,2015-09-12 10:11:00-04:00,38.1789216,-85.7713375,False,False,SATURDAY
LOUISVILLE METRO POLICE DEPT,KY1020,,NATIONAL,TPKE,,4.992,,SAM,,,,,2,1,0,1,CLEAR,DRY,False,STATE,COLLISION WITH BICYCLE,SINGLE VEHICLE,STRAIGHT & LEVEL,DAYLIGHT,False,2015-09-12 16:39:00-04:00,38.1450629,-85.7574504,True,False,SATURDAY
LOUISVILLE METRO POLICE DEPT,,,SENECA PARK,RD,,0.698,,,,,,,2,1,0,0,CLEAR,DRY,False,COUNTY ROAD,COLLISION WITH BICYCLIST,SINGLE VEHICLE,STRAIGHT & LEVEL,DAYLIGHT,False,2015-09-15 10:00:00-04:00,38.2346514,-85.6759546,False,False,TUESDAY
LOUISVILLE METRO POLICE DEPT,US0031E,,MAIN,ST,E,17.589,,FLOYD,,,,,2,1,0,1,CLEAR,DRY,False,FEDERAL,COLLISION WITH BICYCLE,SINGLE VEHICLE,STRAIGHT & LEVEL,DAYLIGHT,False,2015-09-16 14:03:00-04:00,38.255716,-85.7479036,True,False,WEDNESDAY
LOUISVILLE METRO POLICE DEPT,US0031E,,BARDSTOWN,RD,,14.289,,,,,,,4,3,0,0,CLEAR,DRY,False,FEDERAL,COLLISION WITH BICYCLIST,ANGLE,STRAIGHT & LEVEL,DAYLIGHT,False,2015-09-18 18:11:00-04:00,38.2300128,-85.7035148,False,False,FRIDAY
LOUISVILLE METRO POLICE DEPT,KY2048,,DUTCHMANS,LN,,0.413,,ABIGAIL,,,,,2,1,0,1,CLEAR,DRY,False,STATE,COLLISION WITH BICYCLE,SINGLE VEHICLE,STRAIGHT & LEVEL,DAYLIGHT,False,2015-09-22 17:01:00-04:00,38.2254166,-85.6516909,True,False,TUESDAY
LOUISVILLE METRO POLICE DEPT,,,RODMAN,ST,,0.234,,M,,,,,2,1,0,1,CLEAR,DRY,False,LOCAL STREET,COLLISION WITH BICYCLE,SINGLE VEHICLE,STRAIGHT & LEVEL,DAYLIGHT,False,2015-09-23 10:00:00-04:00,38.2090679,-85.7699435,True,False,WEDNESDAY