investigating_agency,roadway_number,building_number,roadway_name,roadway_suffix,roadway_direction,milepoint,intersection_roadway_number,intersection_roadway_name,between_street_number_1,between_street_name_1,between_street_number_2,between_street_name_2,units_involved,motor_vehicles_involved,killed,injured,weather,roadway_condition,hit_and_run,roadway_type,directional_analysis,manner_of_collision,roadway_character,light_condition,secondary_collision,date,latitude,longitude,injury_indicator,fatality_indicator,day_of_week
LOUISVILLE METRO POLICE DEPT,,,CLARKS,LN,,0.061,,FLEET,,,,,2,1,0,0,CLEAR,DRY,False,LOCAL STREET,COLLISION WITH BICYCLE,SINGLE VEHICLE,STRAIGHT & LEVEL,DARK-HWY LIGHTED/ON,False,2015-09-23 20:25:00-04:00,38.2134932,-85.740582,False,False,WEDNESDAY
LOUISVILLE METRO POLICE DEPT,,,MUHAMMAD ALI,BLVD,W,1.0,,12TH,,,,,2,1,0,1,CLEAR,DRY,False,LOCAL STREET,COLLISION WITH BICYCLE,SINGLE VEHICLE,STRAIGHT & LEVEL,DAYLIGHT,False,2015-09-26 17:00:00-04:00,38.2525914,-85.7707264,True,False,SATURDAY
LOUISVILLE METRO POLICE DEPT,US0031W,,DIXIE,HWY,,12.553,,BLANTON,,,,,2,1,0,1,CLOUDY,DRY,False,FEDERAL,COLLISION WITH BICYCLE,SINGLE VEHICLE,STRAIGHT & LEVEL,DAWN,False,2015-10-01 07:17:00-04:00,38.1575811,-85.8337533,True,False,THURSDAY
LOUISVILLE METRO POLICE DEPT,KY1020,900,3RD,ST,S,11.114,,,,,,,2,1,0,0,CLEAR,DRY,True,STATE,COLLISION WITH BICYCLIST,SINGLE VEHICLE,STRAIGHT & LEVEL,DAYLIGHT,False,2015-10-01 18:19:00-04:00,38.2318831,-85.7591943,False,False,THURSDAY
LOUISVILLE METRO POLICE DEPT,,,MUHAMMAD ALI,BLVD,W,1.454,,17TH,,,,,2,1,0,1,RAINING,WET,False,LOCAL STREET,COLLISION WITH BICYCLE,SINGLE VEHICLE,STRAIGHT & LEVEL,DAYLIGHT,False,2015-10-02 15:36:00-04:00,38.2535027,-85.7790036,True,False,FRIDAY
LOUISVILLE METRO POLICE DEPT,,,BEARGRASS,RD,,0.527,,,,MILLVALE,,BARRET HILL,2,2,0,0,CLEAR,DRY,False,LOCAL STREET,COLLISION WITH BICYCLIST,ANGLE,CURVE & LEVEL,DAYLIGHT,False,2015-10-03 00:00:00-04:00,38.2343622,-85.6873123,False,False,SATURDAY
LOUISVILLE METRO POLICE DEPT,US0031E,,BARDSTOWN,RD,,14.615,,,,SHERWOOD,US0060A,EASTERN,2,1,0,0,CLEAR,DRY,False,FEDERAL,COLLISION WITH BICYCLIST,SINGLE VEHICLE,STRAIGHT & LEVEL,DAYLIGHT,False,2015-10-05 09:55:00-04:00,38.2319088,-85.7091439,False,False,MONDAY
LOUISVILLE METRO POLICE DEPT,US0150,,BROADWAY,,W,2.653,,1ST,,,,,2,1,0,0,CLEAR,DRY,False,FEDERAL,COLLISION WITH BICYCLE,SINGLE VEHICLE,STRAIGHT & LEVEL,DAYLIGHT,False,2015-10-06 00:00:00-04:00,38.2457367,-85.7534337,False,False,TUESDAY
LOUISVILLE METRO POLICE DEPT,,,JEANINE,DR,,0.908,,INDIAN,,,,,2,1,0,1,CLEAR,DRY,False,LOCAL STREET,COLLISION WITH BICYCLE,SINGLE VEHICLE,STRAIGHT & GRADE,DARK-HWY LIGHTED/ON,False,2015-10-06 06:13:00-04:00,38.1706931,-85.6886446,True,False,TUESDAY
LOUISVILLE METRO POLICE DEPT,,,HILL,ST,W,0.662,,7TH,,,,,2,1,0,1,CLEAR,DRY,False,LOCAL STREET,COLLISION WITH BICYCLE,SINGLE VEHICLE,STRAIGHT & LEVEL,DAYLIGHT,False,2015-10-06 15:00:00-04:00,38.2267603,-85.7690002,True,False,TUESDAY
LOUISVILLE METRO POLICE DEPT,,,GRAY,ST,E,0.286,,,KY0061  ,JACKSON,KY0061,PRESTON,2,1,0,0,CLOUDY,DRY,False,LOCAL STREET,COLLISION WITH BICYCLIST,SINGLE VEHICLE,STRAIGHT & LEVEL,DAYLIGHT,False,2015-10-09 15:11:00-04:00,38.2462941,-85.7458786,False,False,FRIDAY
LOUISVILLE METRO POLICE DEPT,,,THORNBERRY,AVE,,0.201,US0060A,TAYLOR,,,,,2,1,0,1,CLEAR,DRY,False,LOCAL STREET,COLLISION WITH BICYCLE,SINGLE VEHICLE,STRAIGHT & LEVEL,DAYLIGHT,False,2015-10-10 16:57:00-04:00,38.2041316,-85.7790181,True,False,SATURDAY
LOUISVILLE METRO POLICE DEPT,KY1020,,3RD,ST,S,12.296,,CHESTNUT,,,,,2,1,0,1,CLEAR,DRY,False,STATE,COLLISION WITH BICYCLE,SINGLE VEHICLE,STRAIGHT & LEVEL,DAYLIGHT,False,2015-10-12 14:40:00-04:00,38.2487779,-85.756227,True,False,MONDAY
LOUISVILLE METRO POLICE DEPT,US0060A,,BERRY,BLVD,,1.3,,,,LENTZ,,WHEELER,2,1,0,1,CLEAR,DRY,False,FEDERAL,COLLISION WITH BICYCLIST,SINGLE VEHICLE,STRAIGHT & LEVEL,DARK-HWY LIGHTED/ON,False,2015-10-13 19:32:00-04:00,38.1964017,-85.786026,True,False,TUESDAY
LOUISVILLE METRO POLICE DEPT,KY1450,,BLUE LICK,RD,,1.907,,,,,,,2,1,0,0,CLEAR,DRY,False,STATE,COLLISION WITH BICYCLIST,SINGLE VEHICLE,CURVE & LEVEL,DAYLIGHT,False,2015-10-16 14:49:00-04:00,38.1124969,-85.6898478,False,False,FRIDAY
LOUISVILLE METRO POLICE DEPT,US0031E,,MARKET,ST,E,17.487,,FLOYD,,,,,2,1,0,1,CLEAR,DRY,False,FEDERAL,COLLISION WITH BICYCLE,SINGLE VEHICLE,STRAIGHT & LEVEL,DAYLIGHT,False,2015-10-20 17:10:00-04:00,38.2542935,-85.7481331,True,False,TUESDAY
LOUISVILLE METRO POLICE DEPT,,,SHELBY,ST,S,0.531,KY0864,GRAY,,,,,2,1,0,1,CLEAR,DRY,True,LOCAL STREET,COLLISION WITH BICYCLE,SINGLE VEHICLE,STRAIGHT & LEVEL,DAYLIGHT,False,2015-10-21 16:47:00-04:00,38.245876,-85.7392912,True,False,WEDNESDAY
LOUISVILLE METRO POLICE DEPT,,,ROY WILKINS,AVE,S,,,MARKET,,,,,2,1,0,0,CLEAR,DRY,True,LOCAL STREET,COLLISION WITH BICYCLE,ANGLE,STRAIGHT & LEVEL,DAYLIGHT,False,2015-10-21 18:35:00-04:00,38.201666667,-85.536666667,False,False,WEDNESDAY
LOUISVILLE METRO POLICE DEPT,KY0061,,PRESTON,HWY,,6.808,,,,GILMORE,,VIM,2,1,0,1,CLEAR,DRY,False,STATE,COLLISION WITH BICYCLIST,SINGLE VEHICLE,STRAIGHT & LEVEL,DAYLIGHT,False,2015-10-22 13:05:00-04:00,38.1738963,-85.7119078,True,False,THURSDAY
LOUISVILLE METRO POLICE DEPT,,,SPRINGER,ALY,,0.112,KY0061,PRESTON,,,,,2,1,0,0,CLEAR,DRY,False,LOCAL STREET,COLLISION WITH BICYCLE,SINGLE VEHICLE,STRAIGHT & LEVEL,DAYLIGHT,False,2015-10-23 09:59:00-04:00,38.2471421,-85.7473047,False,False,FRIDAY
LOUISVILLE METRO POLICE DEPT,KY0061,,PRESTON,HWY,,7.764,,,,,,,2,1,0,1,CLEAR,DRY,False,STATE,COLLISION WITH BICYCLIST,SINGLE VEHICLE,STRAIGHT & LEVEL,DAYLIGHT,False,2015-10-23 15:12:00-04:00,38.1847769,-85.722987,True,False,FRIDAY
LOUISVILLE METRO POLICE DEPT,,,LIBERTY,ST,W,0.6,,4TH,,,,,2,1,0,1,CLEAR,DRY,True,LOCAL STREET,COLLISION WITH BICYCLE,SINGLE VEHICLE,STRAIGHT & LEVEL,DARK-HWY LIGHTED/ON,False,2015-10-24 04:00:00-04:00,38.2530785,-85.7573043,True,False,SATURDAY
LOUISVILLE METRO POLICE DEPT,,,INDIAN,TRL,E,1.198,KY0864,POPLAR LEVEL,,,,,2,1,0,0,RAINING,WET,False,LOCAL STREET,COLLISION WITH BICYCLE,SINGLE VEHICLE,STRAIGHT & GRADE,DARK-HWY LIGHTED/ON,False,2015-10-27 07:04:00-04:00,38.1715475,-85.6849979,False,False,TUESDAY
LOUISVILLE METRO POLICE DEPT,,,29TH,ST,S,,,BROADWAY,,,,,2,1,0,0,CLEAR,DRY,False,LOCAL STREET,COLLISION WITH BICYCLE,ANGLE,STRAIGHT & LEVEL,DAYLIGHT,False,2015-11-03 00:00:00-05:00,38.201666667,-85.536666667,False,False,TUESDAY
NORTHFIELD POLICE DEPARTMENT,KY2050,,HERR,LN,,1.632,,GREENLAWN,,,,,2,1,0,1,CLOUDY,DRY,False,STATE,COLLISION WITH BICYCLE,SINGLE VEHICLE,STRAIGHT & LEVEL,DAYLIGHT,False,2015-11-09 07:05:00-05:00,38.2772996,-85.6221841,True,False,MONDAY
LOUISVILLE METRO POLICE DEPT,,,DIXIE,HWY,,0.429,,,,GARLAND,,DATE,2,1,0,1,CLEAR,DRY,False,LOCAL STREET,COLLISION WITH BICYCLIST,SINGLE VEHICLE,STRAIGHT & LEVEL,DAYLIGHT,False,2015-11-10 15:46:00-05:00,38.2430418,-85.7844986,True,False,TUESDAY
LOUISVILLE METRO POLICE DEPT,,,SMYRNA,PKWY,,0.105,,VANDRE,,,,,2,1,0,1,CLEAR,DRY,False,COUNTY ROAD,COLLISION WITH BICYCLE,SINGLE VEHICLE,STRAIGHT & HILLCREST,DARK-HWY LIGHTED/OFF,False,2015-11-15 19:21:00-05:00,38.1364345,-85.6420196,True,False,SUNDAY
LOUISVILLE METRO POLICE DEPT,US0031W,,DR W J HODGE,ST,,19.62,US0150,BROADWAY,,,,,2,1,0,1,CLOUDY,DRY,False,FEDERAL,COLLISION WITH BICYCLE,SINGLE VEHICLE,STRAIGHT & LEVEL,DAYLIGHT,False,2015-11-16 11:34:00-05:00,38.2487361,-85.786601,True,False,MONDAY
LOUISVILLE METRO POLICE DEPT,,,MURPHY,LN,,0.099,KY1447,WESTPORT,,,,,2,1,0,1,CLEAR,DRY,False,LOCAL STREET,COLLISION WITH BICYCLE,SINGLE VEHICLE,STRAIGHT & LEVEL,DARK-HWY LIGHTED/ON,False,2015-11-17 18:17:00-05:00,38.3033063,-85.533411,True,False,TUESDAY
LOUISVILLE METRO POLICE DEPT,KY1450,,BLUE LICK,RD,,3.351,,,,,,,2,1,0,0,CLEAR,DRY,True,STATE,COLLISION WITH BICYCLIST,SINGLE VEHICLE,CURVE & LEVEL,DAYLIGHT,False,2015-11-19 17:00:00-05:00,38.1323209,-85.6869601,False,False,THURSDAY
ST. MATTHEWS POLICE DEPARTMENT,US0060,4224,SHELBYVILLE,RD,,4.578,,,,,,,2,1,0,0,RAINING,WET,False,FEDERAL,COLLISION WITH BICYCLIST,SINGLE VEHICLE,STRAIGHT & LEVEL,DAYLIGHT,False,2015-11-21 14:18:00-05:00,38.2513956,-85.6368645,False,False,SATURDAY
LOUISVILLE METRO POLICE DEPT,,,PARK,RD,S,0.73,,,KY1450  ,BLUE LICK,,WHITEOAK PARK,2,1,0,1,CLOUDY,DRY,False,LOCAL STREET,COLLISION WITH BICYCLIST,SINGLE VEHICLE,STRAIGHT & LEVEL,DAYLIGHT,False,2015-11-24 16:53:00-05:00,38.1164283,-85.6901119,True,False,TUESDAY
LOUISVILLE METRO POLICE DEPT,,,BARRET,AVE,,0.32,US0150,BROADWAY,,,,,2,1,0,0,CLEAR,DRY,False,LOCAL STREET,COLLISION WITH BICYCLE,SINGLE VEHICLE,STRAIGHT & LEVEL,DAYLIGHT,False,2015-11-25 16:37:00-05:00,38.2442631,-85.7339588,False,False,WEDNESDAY
LOUISVILLE METRO POLICE DEPT,KY1065,,OUTER,LOOP,,6.988,,,,LAUREL RIDGE,,JUDGE,2,1,0,0,CLEAR,DRY,False,STATE,COLLISION WITH BICYCLIST,SINGLE VEHICLE,STRAIGHT & LEVEL,DAYLIGHT,False,2015-11-27 14:50:00-05:00,38.1378721,-85.6696753,False,False,FRIDAY
LOUISVILLE METRO POLICE DEPT,,,42ND,ST,S,0.691,,,,ELLIOTT,,BROADWAY,2,1,0,1,RAINING,WET,True,LOCAL STREET,COLLISION WITH BICYCLIST,SINGLE VEHICLE,STRAIGHT & LEVEL,DARK-HWY NOT LIGHTED,False,2015-11-29 20:09:00-05:00,38.2521799,-85.8224194,True,False,SUNDAY
LOUISVILLE METRO POLICE DEPT,US0031E,,BARDSTOWN,RD,,11.344,,BASHFORD MANOR,,,,,2,1,0,0,CLEAR,DRY,False,FEDERAL,COLLISION WITH BICYCLE,SINGLE VEHICLE,STRAIGHT & LEVEL,DAYLIGHT,False,2015-12-03 15:56:00-05:00,38.2028855,-85.6645763,False,False,THURSDAY
SHIVELY POLICE DEPARTMENT,,,STALLINGS,AVE,,0.005,US0031W,DIXIE,,,,,2,1,0,1,CLEAR,DRY,False,LOCAL STREET,COLLISION WITH BICYCLE,SINGLE VEHICLE,STRAIGHT & LEVEL,DAYLIGHT,False,2015-12-11 10:44:00-05:00,38.1747011,-85.8227096,True,False,FRIDAY
LOUISVILLE METRO POLICE DEPT,,,GAGEL,AVE,,0.919,,,,ESTATE,,DE MEL,2,1,0,1,CLEAR,DRY,False,LOCAL STREET,COLLISION WITH BICYCLIST,SINGLE VEHICLE,STRAIGHT & HILLCREST,DUSK,False,2015-12-13 18:20:00-05:00,38.1727528,-85.8058467,True,False,SUNDAY
LOUISVILLE METRO POLICE DEPT,,,REASOR,AVE,,0.0,KY0864,GOSS,,,,,2,1,0,1,CLEAR,DRY,False,COUNTY ROAD,COLLISION WITH BICYCLE,SINGLE VEHICLE,STRAIGHT & LEVEL,DAYLIGHT,False,2016-01-02 15:10:00-05:00,38.2245799,-85.7311092,True,False,SATURDAY
LOUISVILLE METRO POLICE DEPT,US0042,,US42,,,5.925,,,,,,,2,1,0,0,CLEAR,DRY,False,FEDERAL,COLLISION WITH BICYCLIST,SINGLE VEHICLE,STRAIGHT & LEVEL,DAYLIGHT,False,2016-01-06 13:56:00-05:00,38.281396,-85.6346458,False,False,WEDNESDAY
LOUISVILLE METRO POLICE DEPT,KY1020,927,2ND,ST,S,11.708,,,,,,,2,1,0,0,CLEAR,DRY,True,STATE,COLLISION WITH BICYCLIST,SINGLE VEHICLE,STRAIGHT & LEVEL,DAYLIGHT,False,2016-01-14 10:00:00-05:00,38.2402026,-85.756035,False,False,THURSDAY
LOUISVILLE METRO POLICE DEPT,KY1020,,2ND,ST,S,11.745,,,,BRECKINRIDGE,,KENTUCKY,2,1,0,1,CLEAR,DRY,True,STATE,COLLISION WITH BICYCLIST,SINGLE VEHICLE,STRAIGHT & LEVEL,DAYLIGHT,False,2016-01-14 11:48:00-05:00,38.2407328,-85.7559704,True,False,THURSDAY
LOUISVILLE METRO POLICE DEPT,,,SAINT CATHERINE,ST,E,0.866,KY0061,JACKSON,,,,,2,1,0,1,BLOWING SAND/SOIL/DIRT/SNOW,SNOW/SLUSH,False,LOCAL STREET,COLLISION WITH BICYCLE,SINGLE VEHICLE,STRAIGHT & LEVEL,DARK-HWY LIGHTED/ON,False,2016-01-22 21:40:00-05:00,38.2353304,-85.7472943,True,False,FRIDAY
LOUISVILLE METRO POLICE DEPT,,,COOPER CHAPEL,RD,,0.819,,,,INDIAN FALLS,,LEISURE,2,1,0,1,CLOUDY,DRY,False,LOCAL STREET,COLLISION WITH BICYCLIST,SINGLE VEHICLE,STRAIGHT & LEVEL,DAYLIGHT,False,2016-01-29 09:32:00-05:00,38.1032148,-85.657555,True,False,FRIDAY
LOUISVILLE METRO POLICE DEPT,,,4TH,ST,S,3.226,US0060A,WINKLER,,,,,2,1,0,1,CLEAR,DRY,False,LOCAL STREET,COLLISION WITH BICYCLE,SINGLE VEHICLE,STRAIGHT & LEVEL,DARK-HWY LIGHTED/ON,False,2016-02-03 06:35:00-05:00,38.2102901,-85.7646645,True,False,WEDNESDAY
LOUISVILLE METRO POLICE DEPT,,,BARRET,AVE,,1.012,,WINTER,,,,,2,1,0,1,CLEAR,DRY,False,LOCAL STREET,COLLISION WITH BICYCLE,SINGLE VEHICLE,STRAIGHT & LEVEL,DAYLIGHT,False,2016-02-03 08:55:00-05:00,38.2357083,-85.7276376,True,False,WEDNESDAY
LOUISVILLE METRO POLICE DEPT,,,HARTLAGE,CT,,0.575,KY1934,CANE RUN,,,,,2,1,0,1,CLEAR,DRY,False,LOCAL STREET,COLLISION WITH BICYCLE,SINGLE VEHICLE,STRAIGHT & LEVEL,DAYLIGHT,False,2016-02-06 14:12:00-05:00,38.2004048,-85.8359467,True,False,SATURDAY
LOUISVILLE METRO POLICE DEPT,,,LINCOLN,AVE,,0.722,KY1931,7TH,,,,,2,1,0,1,CLEAR,DRY,False,LOCAL STREET,COLLISION WITH BICYCLE,SINGLE VEHICLE,STRAIGHT & LEVEL,DARK-HWY LIGHTED/ON,False,2016-02-06 22:23:00-05:00,38.2184766,-85.7790853,True,False,SATURDAY
LOUISVILLE METRO POLICE DEPT,KY1447,,WESTPORT,RD,,4.933,,,,,,,2,1,0,0,CLOUDY,DRY,False,STATE,COLLISION WITH BICYCLIST,SINGLE VEHICLE,STRAIGHT & LEVEL,DAYLIGHT,False,2016-03-02 13:44:00-05:00,38.2860233,-85.5777139,False,False,WEDNESDAY
LOUISVILLE METRO POLICE DEPT,KY1020,,3RD,ST,S,10.323,,CARDINAL,,,,,2,1,0,0,CLEAR,DRY,False,STATE,COLLISION WITH BICYCLE,SINGLE VEHICLE,STRAIGHT & LEVEL,DAYLIGHT,False,2016-03-08 10:00:00-05:00,38.2205542,-85.7611768,False,False,TUESDAY
UNIV. OF LOUISVILLE POLICE,,,4TH,ST,S,2.779,,,,,,,2,1,0,1,CLOUDY,DRY,False,LOCAL STREET,COLLISION WITH BICYCLIST,SINGLE VEHICLE,STRAIGHT & HILLCREST,DAYLIGHT,False,2016-03-11 11:05:00-05:00,38.2167243,-85.7635804,True,False,FRIDAY
LOUISVILLE METRO POLICE DEPT,,,29TH,ST,N,0.715,,,,ALFORD,,DUNCAN,2,1,0,1,CLEAR,DRY,True,LOCAL STREET,COLLISION WITH BICYCLIST,SINGLE VEHICLE,STRAIGHT & LEVEL,DAYLIGHT,False,2016-03-11 18:17:00-05:00,38.2653783,-85.7986299,True,False,FRIDAY
UNIV. OF LOUISVILLE POLICE,,,CARDINAL,BLVD,W,0.106,KY1020,2ND,,,,,2,1,0,0,CLEAR,DRY,False,LOCAL STREET,COLLISION WITH BICYCLE,SINGLE VEHICLE,STRAIGHT & LEVEL,DARK-HWY LIGHTED/ON,False,2016-03-21 22:51:00-04:00,38.2204283,-85.7597911,False,False,MONDAY
LOUISVILLE METRO POLICE DEPT,,1228,BARRET,AVE,,1.337,,,,,,,2,1,0,1,CLEAR,DRY,False,LOCAL STREET,COLLISION WITH BICYCLIST,SINGLE VEHICLE,STRAIGHT & LEVEL,DAYLIGHT,False,2016-03-22 17:19:00-04:00,38.2316839,-85.7245154,True,False,TUESDAY
LOUISVILLE METRO POLICE DEPT,,,MADISON,,,,,DR W J HODGE,,,,,2,1,0,1,CLEAR,DRY,True,LOCAL STREET,COLLISION WITH BICYCLE,ANGLE,STRAIGHT & LEVEL,DARK-HWY LIGHTED/OFF,False,2016-03-26 00:00:00-04:00,38.201666667,-85.536666667,True,False,SATURDAY
LOUISVILLE METRO POLICE DEPT,US0031E,967,BAXTER,AVE,,15.697,,,,,,,2,1,0,0,CLEAR,DRY,True,FEDERAL,COLLISION WITH BICYCLIST,SINGLE VEHICLE,STRAIGHT & LEVEL,DUSK,False,2016-03-26 10:00:00-04:00,38.2408545,-85.7247778,False,False,SATURDAY
LOUISVILLE METRO POLICE DEPT,,,BARRET,AVE,,0.113,,RUBEL,,,,,2,1,0,0,CLOUDY,DRY,False,LOCAL STREET,COLLISION WITH BICYCLE,SINGLE VEHICLE,CURVE & LEVEL,DAYLIGHT,False,2016-03-27 13:38:00-04:00,38.2466188,-85.7315897,False,False,SUNDAY
LOUISVILLE METRO POLICE DEPT,,,HUBBARDS,LN,,,,,,LEDYARD,,BLEMHIEM,2,1,0,0,CLOUDY,DRY,False,LOCAL STREET,COLLISION WITH BICYCLIST,SIDESWIPE-OPPOSITE DIRECTION,STRAIGHT & LEVEL,DARK-HWY LIGHTED/ON,False,2016-03-27 20:30:00-04:00,38.201666667,-85.536666667,False,False,SUNDAY
LOUISVILLE METRO POLICE DEPT,KY0155,,TAYLORSVILLE,RD,,12.114,,,,ARBORO,,CARDWELL,2,1,0,1,CLEAR,DRY,False,STATE,COLLISION WITH BICYCLIST,SINGLE VEHICLE,STRAIGHT & LEVEL,DARK-HWY LIGHTED/ON,False,2016-04-05 22:08:00-04:00,38.2188896,-85.6034284,True,False,TUESDAY
LOUISVILLE METRO POLICE DEPT,,,16TH,ST,S,0.732,US0150,BROADWAY,,,,,2,1,0,1,CLOUDY,WET,False,LOCAL STREET,COLLISION WITH BICYCLE,SINGLE VEHICLE,STRAIGHT & LEVEL,DAYLIGHT,False,2016-04-11 16:10:00-04:00,38.2485537,-85.7781843,True,False,MONDAY
LOUISVILLE METRO POLICE DEPT,,,WHISPERING BROOK,DR,,0.185,,QUIET WOOD,,,,,2,1,1,0,CLEAR,DRY,False,LOCAL STREET,COLLISION WITH BICYCLE,SINGLE VEHICLE,STRAIGHT & GRADE,DAYLIGHT,False,2016-04-15 11:35:00-04:00,38.1042612,-85.6965742,False,True,FRIDAY
LOUISVILLE METRO POLICE DEPT,US0031E,,BARDSTOWN,RD,,14.049,,ROANOKE,,,,,2,1,0,0,CLEAR,DRY,False,FEDERAL,COLLISION WITH BICYCLE,SINGLE VEHICLE,STRAIGHT & LEVEL,DAYLIGHT,False,2016-04-16 18:55:00-04:00,38.2278071,-85.7000018,False,False,SATURDAY
LOUISVILLE METRO POLICE DEPT,,,DIXIE GARDEN,DR,,0.309,,BLAZE,,,,,2,1,0,0,CLEAR,DRY,False,COUNTY ROAD,COLLISION WITH BICYCLE,SINGLE VEHICLE,CURVE & LEVEL,DAYLIGHT,False,2016-04-19 19:50:00-04:00,38.10143,-85.8767086,False,False,TUESDAY
LOUISVILLE METRO POLICE DEPT,KY0061,,JACKSON,ST,S,11.407,,SHELBY,,,,,2,1,0,0,CLEAR,DRY,True,STATE,COLLISION WITH BICYCLE,SINGLE VEHICLE,STRAIGHT & LEVEL,DAYLIGHT,False,2016-04-23 14:08:00-04:00,38.2324702,-85.7478062,False,False,SATURDAY
LOUISVILLE METRO POLICE DEPT,US0031E,,MARKET,ST,E,17.576,,,,,,,2,1,0,1,CLEAR,DRY,False,FEDERAL,COLLISION WITH BICYCLIST,SINGLE VEHICLE,STRAIGHT & LEVEL,DAYLIGHT,False,2016-04-25 09:34:00-04:00,38.2545461,-85.750373,True,False,MONDAY
LOUISVILLE METRO POLICE DEPT,,1784,GAULBERT,AVE,W,0.623,,,,,,,2,1,0,0,CLOUDY,WET,False,LOCAL STREET,COLLISION WITH BICYCLIST,SINGLE VEHICLE,STRAIGHT & LEVEL,DAYLIGHT,False,2016-05-02 18:40:00-04:00,38.227533333,-85.789733333,False,False,MONDAY
LOUISVILLE METRO POLICE DEPT,US0150,,BROADWAY,,W,2.56,KY1020,2ND,,,,,2,1,0,1,CLEAR,DRY,False,FEDERAL,COLLISION WITH BICYCLE,SINGLE VEHICLE,STRAIGHT & LEVEL,DAYLIGHT,False,2016-05-03 15:40:00-04:00,38.2458371,-85.7550449,True,False,TUESDAY
LOUISVILLE METRO POLICE DEPT,,,HOERTZ,AVE,,0.114,,,,,,,2,1,0,0,CLEAR,DRY,True,LOCAL STREET,COLLISION WITH BICYCLIST,SINGLE VEHICLE,STRAIGHT & LEVEL,DAYLIGHT,False,2016-05-04 13:30:00-04:00,38.2265882,-85.737744,False,False,WEDNESDAY
LOUISVILLE METRO POLICE DEPT,,,DIXIE,HWY,,1.494,,HILL,,,,,2,1,0,1,CLEAR,DRY,True,LOCAL STREET,COLLISION WITH BICYCLE,SINGLE VEHICLE,STRAIGHT & LEVEL,DAYLIGHT,False,2016-05-09 16:25:00-04:00,38.2283671,-85.7905463,True,False,MONDAY
LOUISVILLE METRO POLICE DEPT,,,DURRETT,LN,,0.001,KY0061,PRESTON,,,,,2,1,0,1,CLOUDY,WET,False,LOCAL STREET,COLLISION WITH BICYCLE,SINGLE VEHICLE,STRAIGHT & LEVEL,DAYLIGHT,False,2016-05-11 05:46:00-04:00,38.1863365,-85.7241763,True,False,WEDNESDAY
LOUISVILLE METRO POLICE DEPT,,,34TH,ST,S,0.312,,LARKWOOD,,,,,2,1,0,0,CLEAR,DRY,False,LOCAL STREET,COLLISION WITH BICYCLE,SINGLE VEHICLE,STRAIGHT & LEVEL,DAYLIGHT,False,2016-05-11 14:21:00-04:00,38.2577575,-85.8075609,False,False,WEDNESDAY
LOUISVILLE METRO POLICE DEPT,,,ZORN,AVE,,1.749,,RIVER,,,,,2,1,0,1,CLEAR,DRY,False,COUNTY ROAD,COLLISION WITH BICYCLE,SINGLE VEHICLE,STRAIGHT & LEVEL,DAYLIGHT,False,2016-05-24 00:00:00-04:00,38.2774136,-85.6991552,True,False,TUESDAY
SHIVELY POLICE DEPARTMENT,KY1931,3200,7TH STREET,RD,,9.146,,,,,,,2,1,0,1,CLEAR,DRY,True,STATE,COLLISION WITH BICYCLIST,SINGLE VEHICLE,STRAIGHT & LEVEL,DARK-HWY NOT LIGHTED,False,2016-05-28 22:13:00-04:00,38.2038077,-85.7911266,True,False,SATURDAY
LOUISVILLE METRO POLICE DEPT,,,MAHONEY,DR,,0.003,,JOHNSONTOWN,,,,,2,1,0,0,CLEAR,DRY,False,LOCAL STREET,COLLISION WITH BICYCLE,SINGLE VEHICLE,STRAIGHT & LEVEL,DAYLIGHT,False,2016-05-31 17:32:00-04:00,38.1214351,-85.8616031,False,False,TUESDAY
SHIVELY POLICE DEPARTMENT,US0031W,,DIXIE,HWY,,15.658,,,,MATHEIS,,MATHEIS,2,1,0,1,CLEAR,DRY,False,FEDERAL,COLLISION WITH BICYCLIST,SINGLE VEHICLE,STRAIGHT & LEVEL,DAYLIGHT,False,2016-06-03 16:26:00-04:00,38.1960878,-85.8054222,True,False,FRIDAY