investigating_agency,roadway_number,building_number,roadway_name,roadway_suffix,roadway_direction,milepoint,intersection_roadway_number,intersection_roadway_name,between_street_number_1,between_street_name_1,between_street_number_2,between_street_name_2,units_involved,motor_vehicles_involved,killed,injured,weather,roadway_condition,hit_and_run,roadway_type,directional_analysis,manner_of_collision,roadway_character,light_condition,secondary_collision,date,latitude,longitude,injury_indicator,fatality_indicator,day_of_week
LOUISVILLE METRO POLICE DEPT,,,BARRET,AVE,,0.421,,,,,,,2,1,0,1,CLEAR,DRY,False,LOCAL STREET,COLLISION WITH BICYCLIST,SINGLE VEHICLE,STRAIGHT & LEVEL,DARK-HWY LIGHTED/OFF,False,2016-10-25 21:04:00-04:00,38.2430038,-85.7333386,True,False,TUESDAY
LOUISVILLE METRO POLICE DEPT,,,15TH,ST,S,1.853,,MADISON,,,,,2,1,0,1,CLEAR,DRY,False,LOCAL STREET,COLLISION WITH BICYCLE,SINGLE VEHICLE,STRAIGHT & LEVEL,DAWN,False,2016-10-31 06:58:00-04:00,38.2520451,-85.7759181,True,False,MONDAY
JEFFERSONTOWN POLICE DEPT,KY1819,,BILLTOWN,RD,,8.133,,ST RENE,,,,,2,1,0,1,CLEAR,DRY,False,STATE,COLLISION WITH BICYCLE,SINGLE VEHICLE,STRAIGHT & LEVEL,DAYLIGHT,False,2016-10-31 15:18:00-04:00,38.1796485,-85.5712901,True,False,MONDAY
LOUISVILLE METRO POLICE DEPT,US0150,,BROADWAY,,E,3.189,,HANCOCK,,,,,2,1,0,1,CLEAR,DRY,False,FEDERAL,COLLISION WITH BICYCLE,SINGLE VEHICLE,STRAIGHT & LEVEL,DUSK,False,2016-11-02 18:30:00-04:00,38.2449841,-85.74357,True,False,WEDNESDAY
LOUISVILLE METRO POLICE DEPT,,,GRAFTON HALL,RD,,0.243,,,,,,,2,1,0,1,CLEAR,DRY,False,LOCAL STREET,COLLISION WITH BICYCLIST,SINGLE VEHICLE,STRAIGHT & LEVEL,DARK-HWY NOT LIGHTED,False,2016-11-04 20:20:00-04:00,38.1019056,-85.8556033,True,False,FRIDAY
LOUISVILLE METRO POLICE DEPT,US0031W,,DIXIE,HWY,,17.234,,,,HAROLD,,HARDESTY,2,1,0,1,CLOUDY,DRY,True,FEDERAL,COLLISION WITH BICYCLIST,SINGLE VEHICLE,STRAIGHT & LEVEL,DARK-HWY LIGHTED/ON,False,2016-11-09 05:23:00-05:00,38.2175738,-85.7953002,True,False,WEDNESDAY
LOUISVILLE METRO POLICE DEPT,KY1865,,TAYLOR,BLVD,,4.715,,BROOKLINE,,,,,2,1,0,0,CLEAR,DRY,True,STATE,COLLISION WITH BICYCLE,SINGLE VEHICLE,STRAIGHT & LEVEL,DAYLIGHT,False,2016-11-10 14:26:00-05:00,38.1750854,-85.7825678,False,False,THURSDAY
LOUISVILLE METRO POLICE DEPT,,,CAROLINA CROSSINGS,WAY,,0.105,KY2052,SHEPHERDSVILLE,,,,,2,1,0,1,CLEAR,DRY,False,LOCAL STREET,COLLISION WITH BICYCLE,SINGLE VEHICLE,STRAIGHT & LEVEL,DAYLIGHT,False,2016-11-10 17:00:00-05:00,38.1474234,-85.6600211,True,False,THURSDAY
LOUISVILLE METRO POLICE DEPT,,,ARTHUR,ST,,0.017,,WARNOCK,,,,,2,1,0,0,CLEAR,DRY,False,LOCAL STREET,COLLISION WITH BICYCLE,SINGLE VEHICLE,STRAIGHT & LEVEL,DAYLIGHT,False,2016-11-15 16:51:00-05:00,38.214582,-85.7527229,False,False,TUESDAY
LOUISVILLE METRO POLICE DEPT,KY0146,,NEW LA GRANGE,RD,,0.913,,,,,,,2,1,0,0,CLEAR,DRY,True,STATE,COLLISION WITH BICYCLIST,SINGLE VEHICLE,STRAIGHT & LEVEL,DUSK,False,2016-11-16 17:35:00-05:00,38.2581237,-85.6049226,False,False,WEDNESDAY
LOUISVILLE METRO POLICE DEPT,,,ORMSBY,AVE,W,1.088,,,,,,,2,1,0,2,CLEAR,DRY,False,LOCAL STREET,COLLISION WITH BICYCLIST,SINGLE VEHICLE,STRAIGHT & GRADE,DAYLIGHT,False,2016-11-18 11:00:00-05:00,38.2344794,-85.7787864,True,False,FRIDAY
LOUISVILLE METRO POLICE DEPT,,,ROY WILKINS,AVE,,0.199,,JEFFERSON,,,,,2,1,0,1,CLEAR,DRY,False,LOCAL STREET,COLLISION WITH BICYCLE,SINGLE VEHICLE,STRAIGHT & LEVEL,DAYLIGHT,False,2016-12-01 16:21:00-05:00,38.2547235,-85.7652871,True,False,THURSDAY
LOUISVILLE METRO POLICE DEPT,US0060A,,EASTERN,PKWY,,6.684,,NORRIS,,,,,2,1,0,1,CLOUDY,DRY,False,FEDERAL,COLLISION WITH BICYCLE,SINGLE VEHICLE,STRAIGHT & GRADE,DARK-HWY LIGHTED/ON,False,2016-12-02 10:00:00-05:00,38.2308616,-85.7115486,True,False,FRIDAY
LOUISVILLE METRO POLICE DEPT,,,BROWNS,LN,,1.952,,LYNNBROOK,,,,,2,1,0,1,CLEAR,DRY,False,LOCAL STREET,COLLISION WITH BICYCLE,SINGLE VEHICLE,STRAIGHT & LEVEL,DAWN,False,2016-12-03 06:55:00-05:00,38.2306444,-85.6249941,True,False,SATURDAY
LOUISVILLE METRO POLICE DEPT,US0031,,CLARK MEMORIAL BRG,,,0.404,,,,,,,2,1,0,1,RAINING,WET,True,FEDERAL,COLLISION WITH BICYCLIST,SINGLE VEHICLE,STRAIGHT & LEVEL,DARK-HWY LIGHTED/ON,False,2016-12-04 18:40:00-05:00,38.262014,-85.7521029,True,False,SUNDAY
JEFFERSONTOWN POLICE DEPT,KY1819,,WATTERSON,TRL,,11.1,,BUNSEN,,,,,2,1,0,1,CLOUDY,DRY,False,STATE,COLLISION WITH BICYCLE,SINGLE VEHICLE,CURVE & GRADE,DUSK,False,2016-12-08 17:16:00-05:00,38.212607,-85.5587841,True,False,THURSDAY
LOUISVILLE METRO POLICE DEPT,US0150,,BROADWAY,,W,2.333,,,,4TH,,5TH,2,1,0,0,CLEAR,DRY,False,FEDERAL,COLLISION WITH BICYCLIST,SINGLE VEHICLE,STRAIGHT & LEVEL,DAYLIGHT,False,2016-12-27 16:12:00-05:00,38.2461647,-85.7592896,False,False,TUESDAY
LOUISVILLE METRO POLICE DEPT,,,LAMBORNE,BLVD,,0.114,,,KY0907  ,3RD,,SCARBOROUGH,2,1,0,0,CLOUDY,DRY,False,LOCAL STREET,COLLISION WITH BICYCLIST,SINGLE VEHICLE,CURVE & GRADE,DAYLIGHT,False,2017-01-18 12:10:00-05:00,38.1147767,-85.8136114,False,False,WEDNESDAY
LOUISVILLE METRO POLICE DEPT,KY2050,,LYNDON,LN,,0.267,,LA GRANGE,,,,,2,1,0,0,CLEAR,DRY,True,STATE,COLLISION WITH BICYCLE,SINGLE VEHICLE,STRAIGHT & LEVEL,DARK-HWY LIGHTED/ON,False,2017-02-01 22:15:00-05:00,38.2620276,-85.606885,False,False,WEDNESDAY
LOUISVILLE METRO POLICE DEPT,KY1934,,GREENBELT,HWY,,4.965,,,,DISTRIBUTION,,INTERMODAL,2,1,0,1,CLOUDY,DRY,False,STATE,COLLISION WITH BICYCLIST,SINGLE VEHICLE,STRAIGHT & LEVEL,DARK-HWY NOT LIGHTED,False,2017-02-03 19:59:00-05:00,38.1542255,-85.8854641,True,False,FRIDAY
LOUISVILLE METRO POLICE DEPT,US0060A,,BERRY,BLVD,,1.074,,POWELL,,,,,2,1,0,1,CLEAR,DRY,False,FEDERAL,COLLISION WITH BICYCLE,SINGLE VEHICLE,STRAIGHT & LEVEL,DAYLIGHT,False,2017-02-05 17:05:00-05:00,38.1965228,-85.7900272,True,False,SUNDAY
LOUISVILLE METRO POLICE DEPT,,,MAIN,ST,W,0.605,,28TH,,,,,2,1,0,1,CLEAR,DRY,False,LOCAL STREET,COLLISION WITH BICYCLE,SINGLE VEHICLE,STRAIGHT & LEVEL,DAYLIGHT,False,2017-02-10 14:35:00-05:00,38.2611499,-85.7973257,True,False,FRIDAY
LOUISVILLE METRO POLICE DEPT,,,MARKET,ST,W,1.528,,39TH,,,,,2,1,0,1,CLOUDY,DRY,False,LOCAL STREET,COLLISION WITH BICYCLE,SINGLE VEHICLE,STRAIGHT & LEVEL,DARK-HWY LIGHTED/ON,False,2017-02-10 21:23:00-05:00,38.26196,-85.8141929,True,False,FRIDAY
LOUISVILLE METRO POLICE DEPT,US0060,,SHELBYVILLE,RD,,5.86,,OXMOOR,,,,,2,1,0,0,CLEAR,DRY,False,FEDERAL,COLLISION WITH BICYCLE,SINGLE VEHICLE,STRAIGHT & LEVEL,DARK-HWY LIGHTED/ON,False,2017-02-11 05:43:00-05:00,38.2493432,-85.6133356,False,False,SATURDAY
LOUISVILLE METRO POLICE DEPT,US0031E,,BARDSTOWN,RD,,13.723,,PRINCETON,,,,,2,1,0,1,CLEAR,DRY,False,FEDERAL,COLLISION WITH BICYCLE,SINGLE VEHICLE,STRAIGHT & LEVEL,DAYLIGHT,False,2017-02-13 12:20:00-05:00,38.2251867,-85.6952328,True,False,MONDAY
LOUISVILLE METRO POLICE DEPT,KY1020,600,3RD,ST,S,12.127,,,,,,,2,1,0,0,CLEAR,DRY,False,STATE,COLLISION WITH BICYCLIST,SINGLE VEHICLE,STRAIGHT & LEVEL,DAYLIGHT,False,2017-02-17 12:34:00-05:00,38.2463502,-85.7567126,False,False,FRIDAY
LOUISVILLE METRO POLICE DEPT,US0150,,BROADWAY,,E,3.075,KY0061,JACKSON,,,,,2,1,0,1,CLEAR,DRY,False,FEDERAL,COLLISION WITH BICYCLE,SINGLE VEHICLE,STRAIGHT & LEVEL,DAYLIGHT,False,2017-02-20 14:45:00-05:00,38.2451971,-85.7455919,True,False,MONDAY
LOUISVILLE METRO POLICE DEPT,KY1065,,OUTER,LOOP,,1.028,KY1865,NEW CUT,,,,,2,1,0,1,CLOUDY,DRY,False,STATE,COLLISION WITH BICYCLE,SINGLE VEHICLE,STRAIGHT & LEVEL,DARK-HWY NOT LIGHTED,False,2017-03-07 19:32:00-05:00,38.1263906,-85.7761219,True,False,TUESDAY
LOUISVILLE METRO POLICE DEPT,,,28TH,ST,S,0.383,,MUHAMMAD ALI,,,,,2,1,0,0,CLEAR,DRY,False,LOCAL STREET,COLLISION WITH BICYCLE,SINGLE VEHICLE,STRAIGHT & LEVEL,DAYLIGHT,False,2017-03-08 15:58:00-05:00,38.2555316,-85.797222,False,False,WEDNESDAY
LOUISVILLE METRO POLICE DEPT,,,MAGNOLIA,AVE,W,0.09,KY1020,2ND,,,,,2,1,0,0,CLEAR,DRY,False,LOCAL STREET,COLLISION WITH BICYCLE,SINGLE VEHICLE,STRAIGHT & LEVEL,DAYLIGHT,False,2017-03-13 08:14:00-04:00,38.2287814,-85.7580532,False,False,MONDAY
LOUISVILLE METRO POLICE DEPT,KY1142,1020,PALATKA,RD,,0.917,,,,,,,2,1,1,0,CLEAR,DRY,False,STATE,COLLISION WITH BICYCLIST,SINGLE VEHICLE,STRAIGHT & GRADE,DARK-HWY LIGHTED/ON,False,2017-03-19 22:38:00-04:00,38.1521087,-85.7858086,False,True,SUNDAY
LOUISVILLE METRO POLICE DEPT,KY0155,,TAYLORSVILLE,RD,,14.561,,,I 0264  ,I264 E EXIT17A OFF RAMP TO KY155,,FURMAN,2,1,0,1,CLEAR,DRY,False,STATE,COLLISION WITH BICYCLIST,SINGLE VEHICLE,STRAIGHT & GRADE,DAYLIGHT,False,2017-03-23 00:00:00-04:00,38.221237,-85.648508,True,False,THURSDAY
LOUISVILLE METRO POLICE DEPT,US0031E,,BARDSTOWN,RD,,15.421,,,,,,,2,1,0,0,CLEAR,DRY,False,FEDERAL,COLLISION WITH BICYCLIST,SINGLE VEHICLE,STRAIGHT & LEVEL,DAYLIGHT,False,2017-03-27 13:44:00-04:00,38.2383992,-85.720946,False,False,MONDAY
LOUISVILLE METRO POLICE DEPT,,,1ST,ST,S,0.377,,,,MUHAMMAD ALI,I 0065,I65 S EXIT136 ON RAMP FROM  S 1ST ST,2,1,0,1,CLOUDY,DRY,False,LOCAL STREET,COLLISION WITH BICYCLIST,SINGLE VEHICLE,STRAIGHT & LEVEL,DAYLIGHT,False,2017-03-31 12:06:00-04:00,38.2506564,-85.7525097,True,False,FRIDAY
LOUISVILLE METRO POLICE DEPT,US0031E,,BARDSTOWN,RD,,15.065,,,,LONGEST,,BEECHWOOD,2,1,0,1,CLOUDY,DRY,False,FEDERAL,COLLISION WITH BICYCLIST,SINGLE VEHICLE,STRAIGHT & LEVEL,DAYLIGHT,False,2017-03-31 14:46:00-04:00,38.2354495,-85.7155869,True,False,FRIDAY
SHIVELY POLICE DEPARTMENT,KY1931,,7TH ST,RD,,9.612,,ARCADE,,,,,2,1,0,1,CLEAR,DRY,True,STATE,COLLISION WITH BICYCLE,SINGLE VEHICLE,STRAIGHT & LEVEL,DARK-HWY LIGHTED/ON,False,2017-04-01 21:22:00-04:00,38.2093801,-85.7871292,True,False,SATURDAY
LOUISVILLE METRO POLICE DEPT,,,PHILLIPS,LN,,0.729,,FREEDOM,,,,,2,1,0,1,CLEAR,DRY,False,LOCAL STREET,COLLISION WITH BICYCLE,SINGLE VEHICLE,STRAIGHT & LEVEL,DARK-HWY LIGHTED/ON,False,2017-04-03 05:35:00-04:00,38.1934249,-85.7397849,True,False,MONDAY
LOUISVILLE METRO POLICE DEPT,,,BURNETT,AVE,E,0.544,,HANCOCK,,,,,2,1,0,1,CLEAR,DRY,False,LOCAL STREET,COLLISION WITH BICYCLE,SINGLE VEHICLE,STRAIGHT & LEVEL,DARK-HWY LIGHTED/ON,False,2017-04-04 19:08:00-04:00,38.225721,-85.7468884,True,False,TUESDAY
LOUISVILLE METRO POLICE DEPT,,,TENNY,AVE,E,0.031,,,,HOLLINS,,1ST,2,1,0,0,CLEAR,DRY,False,LOCAL STREET,COLLISION WITH BICYCLIST,SINGLE VEHICLE,STRAIGHT & LEVEL,DAYLIGHT,False,2017-04-07 16:45:00-04:00,38.1765693,-85.7627621,False,False,FRIDAY
LOUISVILLE METRO POLICE DEPT,,,FLORENCE,AVE,W,0.478,,,,BELLEVUE,,BELLEVUE,2,1,0,0,CLEAR,DRY,True,LOCAL STREET,COLLISION WITH BICYCLIST,SINGLE VEHICLE,STRAIGHT & LEVEL,DAYLIGHT,False,2017-04-08 14:15:00-04:00,38.1910684,-85.7724529,False,False,SATURDAY
ST. MATTHEWS POLICE DEPARTMENT,KY1447,4200,WESTPORT,RD,,0.968,,,,,,,2,1,0,0,CLEAR,DRY,False,STATE,COLLISION WITH BICYCLIST,SINGLE VEHICLE,STRAIGHT & LEVEL,DAYLIGHT,False,2017-04-08 14:38:00-04:00,38.2606387,-85.6402639,False,False,SATURDAY
LOUISVILLE METRO POLICE DEPT,US0031E,,BARDSTOWN,RD,,14.5,,STEVENS,,,,,2,1,0,1,CLEAR,DRY,True,FEDERAL,COLLISION WITH BICYCLE,SINGLE VEHICLE,STRAIGHT & LEVEL,DAYLIGHT,False,2017-04-19 00:00:00-04:00,38.2313675,-85.707007,True,False,WEDNESDAY
LOUISVILLE METRO POLICE DEPT,,,FOX HORN,CIR,,0.075,,STERLING,,,,,2,1,0,1,CLEAR,DRY,False,LOCAL STREET,COLLISION WITH BICYCLE,SINGLE VEHICLE,STRAIGHT & LEVEL,DAYLIGHT,False,2017-04-19 09:00:00-04:00,38.1629942,-85.8568611,True,False,WEDNESDAY
LOUISVILLE METRO POLICE DEPT,KY2052,,HIKES,LN,,4.205,US0031E,BUECHEL,,,,,2,1,0,1,CLEAR,DRY,False,STATE,COLLISION WITH BICYCLE,SINGLE VEHICLE,STRAIGHT & LEVEL,DAYLIGHT,False,2017-04-20 16:55:00-04:00,38.1984236,-85.6609371,True,False,THURSDAY
LOUISVILLE METRO POLICE DEPT,KY1703,,BAXTER,AVE,,5.533,,,,,,,2,1,0,0,CLEAR,DRY,False,STATE,COLLISION WITH BICYCLIST,SINGLE VEHICLE,STRAIGHT & LEVEL,DAYLIGHT,False,2017-04-21 18:13:00-04:00,38.2383452,-85.7228154,False,False,FRIDAY
LOUISVILLE METRO POLICE DEPT,,,GARDEN,DR,,0.001,US0060A,LEXINGTON,,,,,2,1,0,1,CLEAR,DRY,False,LOCAL STREET,COLLISION WITH BICYCLE,SINGLE VEHICLE,STRAIGHT & LEVEL,DAYLIGHT,False,2017-04-24 16:02:00-04:00,38.2486696,-85.6805871,True,False,MONDAY
LOUISVILLE METRO POLICE DEPT,US0060,,FRANKFORT,AVE,,0.351,,,,STOLL,,HALDEMAN,2,1,0,0,CLEAR,DRY,False,FEDERAL,COLLISION WITH BICYCLIST,SINGLE VEHICLE,STRAIGHT & LEVEL,DAYLIGHT,False,2017-04-25 07:59:00-04:00,38.2557134,-85.7133606,False,False,TUESDAY
LOUISVILLE METRO POLICE DEPT,US0031W,,DIXIE,HWY,,6.851,,,,,,,2,1,0,0,RAINING,WET,False,FEDERAL,COLLISION WITH BICYCLIST,SINGLE VEHICLE,STRAIGHT & LEVEL,DAYLIGHT,False,2017-05-04 08:19:00-04:00,38.0842392,-85.8806503,False,False,THURSDAY
LOUISVILLE METRO POLICE DEPT,KY1703,,BAXTER,AVE,,5.441,,RUFER,,,,,2,1,0,0,RAINING,WET,False,STATE,COLLISION WITH BICYCLE,SINGLE VEHICLE,STRAIGHT & LEVEL,DAYLIGHT,False,2017-05-04 15:21:00-04:00,38.2372224,-85.7219096,False,False,THURSDAY
LOUISVILLE METRO POLICE DEPT,KY1931,,7TH,ST,,10.468,,,,,,,2,1,0,1,CLEAR,DRY,False,STATE,COLLISION WITH BICYCLIST,SINGLE VEHICLE,STRAIGHT & LEVEL,DAYLIGHT,False,2017-05-08 13:01:00-04:00,38.219866,-85.7776617,True,False,MONDAY
LOUISVILLE METRO POLICE DEPT,,,FENLEY,AVE,,0.078,,SEMINARY VILLAGE,,,,,2,1,0,1,CLEAR,DRY,False,LOCAL STREET,COLLISION WITH BICYCLE,SINGLE VEHICLE,STRAIGHT & LEVEL,DAYLIGHT,False,2017-05-08 17:40:00-04:00,38.2550004,-85.6712554,True,False,MONDAY
LOUISVILLE METRO POLICE DEPT,,,CHESTNUT,ST,W,2.319,,,,4TH,,5TH,2,1,0,0,RAINING,WET,False,LOCAL STREET,COLLISION WITH BICYCLIST,SINGLE VEHICLE,STRAIGHT & LEVEL,DAYLIGHT,False,2017-05-11 17:10:00-04:00,38.2490356,-85.7586892,False,False,THURSDAY
LOUISVILLE METRO POLICE DEPT,,2106,OAK,ST,W,1.943,,,,,,,2,1,0,0,CLEAR,DRY,False,LOCAL STREET,COLLISION WITH BICYCLIST,SINGLE VEHICLE,STRAIGHT & LEVEL,DAYLIGHT,False,2017-05-14 11:05:00-04:00,38.2375187,-85.7907594,False,False,SUNDAY
LOUISVILLE METRO POLICE DEPT,,2633,DIXDALE,AVE,,0.34,,,,,,,2,1,0,0,CLEAR,DRY,False,LOCAL STREET,COLLISION WITH BICYCLIST,SINGLE VEHICLE,STRAIGHT & LEVEL,DAYLIGHT,False,2017-05-17 00:00:00-04:00,38.2220291,-85.7904461,False,False,WEDNESDAY
LOUISVILLE METRO POLICE DEPT,KY0148,,TAYLORSVILLE,RD,,1.238,,,,,,,2,1,0,1,CLEAR,DRY,True,STATE,COLLISION WITH BICYCLIST,SINGLE VEHICLE,STRAIGHT & LEVEL,DAYLIGHT,False,2017-05-20 10:10:00-04:00,38.1889194,-85.4545864,True,False,SATURDAY
LOUISVILLE METRO POLICE DEPT,US0031E,,BARDSTOWN,RD,,13.366,,DOROTHY,,,,,2,1,0,1,CLOUDY,DRY,False,FEDERAL,COLLISION WITH BICYCLE,SINGLE VEHICLE,STRAIGHT & LEVEL,DAYLIGHT,False,2017-05-21 14:00:00-04:00,38.2238062,-85.6887953,True,False,SUNDAY
LOUISVILLE METRO POLICE DEPT,KY1447,,WESTPORT,RD,,7.799,,,,,,,2,1,0,0,CLOUDY,DRY,True,STATE,COLLISION WITH BICYCLIST,SINGLE VEHICLE,STRAIGHT & LEVEL,DAYLIGHT,False,2017-05-21 14:44:00-04:00,38.3031483,-85.5283342,False,False,SUNDAY
LOUISVILLE METRO POLICE DEPT,,,VIRGINIA,AVE,,1.433,,43RD,,,,,2,1,0,1,CLEAR,DRY,False,LOCAL STREET,COLLISION WITH BICYCLE,SINGLE VEHICLE,STRAIGHT & LEVEL,DAYLIGHT,False,2017-05-21 18:19:00-04:00,38.2403825,-85.8253548,True,False,SUNDAY
LOUISVILLE METRO POLICE DEPT,,,GARFIELD,AVE,,0.096,,,,,,,2,1,0,1,RAINING,WET,False,LOCAL STREET,COLLISION WITH BICYCLIST,SINGLE VEHICLE,STRAIGHT & LEVEL,DAYLIGHT,False,2017-05-24 18:15:00-04:00,38.2643276,-85.7869983,True,False,WEDNESDAY
LOUISVILLE METRO POLICE DEPT,,,CENTRAL,AVE,,0.503,,,,,,,2,1,0,0,CLEAR,DRY,False,NONE OF THE ABOVE,COLLISION WITH BICYCLIST,SINGLE VEHICLE,STRAIGHT & LEVEL,DAYLIGHT,False,2017-05-26 15:30:00-04:00,38.2052784,-85.7666717,False,False,FRIDAY
LOUISVILLE METRO POLICE DEPT,KY1747,,FERN VALLEY,RD,,2.101,,,,,,,2,1,0,1,CLEAR,DRY,False,STATE,COLLISION WITH BICYCLIST,SINGLE VEHICLE,STRAIGHT & LEVEL,DAYLIGHT,False,2017-05-30 17:17:00-04:00,38.1578567,-85.6941618,True,False,TUESDAY
LOUISVILLE METRO POLICE DEPT,,,SCHNEITER,AVE,,0.345,,,,,,,2,1,0,0,CLEAR,DRY,False,LOCAL STREET,COLLISION WITH BICYCLIST,SINGLE VEHICLE,STRAIGHT & LEVEL,DAWN,False,2017-06-01 14:57:00-04:00,38.2051593,-85.7877467,False,False,THURSDAY
LOUISVILLE METRO POLICE DEPT,US0031E,,MARKET,ST,E,16.936,,SHELBY,,,,,2,1,0,0,CLEAR,DRY,False,FEDERAL,COLLISION WITH BICYCLE,SINGLE VEHICLE,STRAIGHT & LEVEL,DAYLIGHT,False,2017-06-01 18:27:00-04:00,38.2531839,-85.7380384,False,False,THURSDAY
LOUISVILLE METRO POLICE DEPT,,,DIXIE,HWY,,1.369,,BURNETT,,,,,2,1,0,1,CLEAR,DRY,False,LOCAL STREET,COLLISION WITH BICYCLE,SINGLE VEHICLE,STRAIGHT & LEVEL,DAYLIGHT,False,2017-06-02 15:30:00-04:00,38.2300663,-85.789756,True,False,FRIDAY
LOUISVILLE METRO POLICE DEPT,,,HAWTHORNE,AVE,,0.575,,BON AIR,,,,,2,1,0,1,CLEAR,DRY,False,LOCAL STREET,COLLISION WITH BICYCLE,SINGLE VEHICLE,STRAIGHT & LEVEL,DAYLIGHT,False,2017-06-04 11:01:00-04:00,38.2215361,-85.6674997,True,False,SUNDAY
LOUISVILLE METRO POLICE DEPT,,,4TH,ST,S,4.005,,WINN,,,,,2,1,0,1,CLEAR,DRY,False,LOCAL STREET,COLLISION WITH BICYCLE,SINGLE VEHICLE,CURVE & LEVEL,DAYLIGHT,False,2017-06-04 16:39:00-04:00,38.1993083,-85.7677425,True,False,SUNDAY
LOUISVILLE METRO POLICE DEPT,,,3RD,ST,S,0.449,,,,WHITNEY,,FAIRMONT,2,1,0,0,CLEAR,DRY,False,LOCAL STREET,COLLISION WITH BICYCLIST,SINGLE VEHICLE,STRAIGHT & LEVEL,DAYLIGHT,False,2017-06-04 18:35:00-04:00,38.1940915,-85.764955,False,False,SUNDAY
LOUISVILLE METRO POLICE DEPT,,,3RD,ST,S,1.511,,KENWOOD,,,,,2,1,0,0,CLEAR,DRY,False,LOCAL STREET,COLLISION WITH BICYCLE,SINGLE VEHICLE,STRAIGHT & LEVEL,DAYLIGHT,False,2017-06-05 14:04:00-04:00,38.1787997,-85.7667202,False,False,MONDAY
LOUISVILLE METRO POLICE DEPT,KY0907,,3RD,ST,,2.151,,,,PAGES,,HOLIDAY,2,1,0,0,CLEAR,DRY,True,STATE,COLLISION WITH BICYCLIST,SINGLE VEHICLE,STRAIGHT & LEVEL,DARK-HWY NOT LIGHTED,False,2017-06-05 22:23:00-04:00,38.1152149,-85.834111,False,False,MONDAY
LOUISVILLE METRO POLICE DEPT,,,SLEVIN,ST,,0.113,,,,,,,2,1,0,1,CLEAR,DRY,False,LOCAL STREET,COLLISION WITH BICYCLIST,SINGLE VEHICLE,STRAIGHT & LEVEL,DAYLIGHT,False,2017-06-08 13:45:00-04:00,38.2649334,-85.7905334,True,False,THURSDAY
LOUISVILLE METRO POLICE DEPT,KY1020,,3RD,ST,S,9.238,,,,,,,2,1,0,1,CLEAR,DRY,False,STATE,COLLISION WITH BICYCLIST,SINGLE VEHICLE,STRAIGHT & LEVEL,DUSK,False,2017-06-11 21:04:00-04:00,38.2016649,-85.7645054,True,False,SUNDAY
LOUISVILLE METRO POLICE DEPT,US0150,,BROADWAY,,W,2.008,,8TH,,,,,2,1,0,1,CLEAR,DRY,False,FEDERAL,COLLISION WITH BICYCLE,SINGLE VEHICLE,STRAIGHT & GRADE,DAYLIGHT,False,2017-06-12 17:00:00-04:00,38.2467655,-85.7651598,True,False,MONDAY
LOUISVILLE METRO POLICE DEPT,,10400,CASA LANDA,DR,,0.098,,,,,,,2,1,0,1,CLEAR,DRY,False,LOCAL STREET,COLLISION WITH BICYCLIST,SINGLE VEHICLE,STRAIGHT & LEVEL,DAYLIGHT,False,2017-06-14 12:28:00-04:00,38.1061225,-85.8740085,True,False,WEDNESDAY
LOUISVILLE METRO POLICE DEPT,,,11TH,ST,S,0.337,,FISK,,,,,2,1,0,1,CLEAR,DRY,False,LOCAL STREET,COLLISION WITH BICYCLE,SINGLE VEHICLE,STRAIGHT & LEVEL,DARK-HWY LIGHTED/ON,False,2017-06-14 23:04:00-04:00,38.2530512,-85.7689626,True,False,WEDNESDAY
LOUISVILLE METRO POLICE DEPT,,,ENTERPRISE,DR,,0.039,KY1020,NATIONAL,,,,,2,1,0,1,CLOUDY,DRY,False,LOCAL STREET,COLLISION WITH BICYCLE,SINGLE VEHICLE,STRAIGHT & LEVEL,DAYLIGHT,False,2017-06-15 14:20:00-04:00,38.1477211,-85.7588344,True,False,THURSDAY