investigating_agency,roadway_number,building_number,roadway_name,roadway_suffix,roadway_direction,milepoint,intersection_roadway_number,intersection_roadway_name,between_street_number_1,between_street_name_1,between_street_number_2,between_street_name_2,units_involved,motor_vehicles_involved,killed,injured,weather,roadway_condition,hit_and_run,roadway_type,directional_analysis,manner_of_collision,roadway_character,light_condition,secondary_collision,date,latitude,longitude,injury_indicator,fatality_indicator,day_of_week
LOUISVILLE METRO POLICE DEPT,US0150,,BROADWAY,,W,0.841,,,,,,,2,1,0,1,CLEAR,DRY,False,FEDERAL,COLLISION WITH BICYCLIST,SINGLE VEHICLE,STRAIGHT & LEVEL,DAYLIGHT,False,2017-06-17 10:00:00-04:00,38.2491353,-85.7862138,True,False,SATURDAY
UNIV. OF LOUISVILLE POLICE,KY1020,2200,3RD,ST,S,10.043,,,,,,,2,1,0,1,CLEAR,DRY,False,STATE,COLLISION WITH BICYCLIST,SINGLE VEHICLE,STRAIGHT & LEVEL,DAYLIGHT,False,2017-06-19 07:42:00-04:00,38.216431056,-85.761771146,True,False,MONDAY
LOUISVILLE METRO POLICE DEPT,KY0864,,SHELBY,ST,S,15.056,,CALDWELL,,,,,2,1,0,1,CLEAR,DRY,False,STATE,COLLISION WITH BICYCLE,SINGLE VEHICLE,STRAIGHT & LEVEL,DAYLIGHT,False,2017-06-21 10:00:00-04:00,38.2384586,-85.7405865,True,False,WEDNESDAY
LOUISVILLE METRO POLICE DEPT,,,WAMPUM,AVE,W,0.182,,3RD,,,,,2,1,0,1,CLEAR,DRY,False,LOCAL STREET,COLLISION WITH BICYCLE,SINGLE VEHICLE,STRAIGHT & GRADE,DAYLIGHT,False,2017-06-23 06:50:00-04:00,38.1864054,-85.7653344,True,False,FRIDAY
LOUISVILLE METRO POLICE DEPT,KY0061,,JACKSON,ST,S,11.616,,SAINT CATHERINE,,,,,2,1,0,1,CLEAR,DRY,False,STATE,COLLISION WITH BICYCLE,SINGLE VEHICLE,STRAIGHT & LEVEL,DARK-HWY NOT LIGHTED,False,2017-06-29 22:17:00-04:00,38.2353261,-85.7472948,True,False,THURSDAY
LOUISVILLE METRO POLICE DEPT,KY1020,,3RD,ST,S,9.675,,IOWA,,,,,2,1,0,1,CLEAR,DRY,False,STATE,COLLISION WITH BICYCLE,SINGLE VEHICLE,STRAIGHT & LEVEL,DAYLIGHT,False,2017-06-30 15:22:00-04:00,38.2075376,-85.7634575,True,False,FRIDAY
LOUISVILLE METRO POLICE DEPT,,,PATTON,CT,,0.225,,,,,,,2,1,0,1,CLEAR,DRY,False,LOCAL STREET,COLLISION WITH BICYCLIST,SINGLE VEHICLE,STRAIGHT & LEVEL,DAYLIGHT,False,2017-06-30 17:00:00-04:00,38.2248253,-85.777717,True,False,FRIDAY
LOUISVILLE METRO POLICE DEPT,I 0065,,I65 S,,,124.526,,,,,,,2,1,0,1,CLEAR,DRY,False,INTERSTATE,COLLISION WITH BICYCLIST,SINGLE VEHICLE,STRAIGHT & LEVEL,DAYLIGHT,False,2017-07-03 20:28:00-04:00,38.1058538,-85.7013088,True,False,MONDAY
LOUISVILLE METRO POLICE DEPT,US0060A,,TAYLOR,BLVD,,1.759,,,,,,,2,1,0,1,CLEAR,DRY,False,FEDERAL,COLLISION WITH BICYCLIST,SINGLE VEHICLE,STRAIGHT & LEVEL,DAYLIGHT,False,2017-07-06 16:00:00-04:00,38.2001966,-85.7825663,True,False,THURSDAY
LOUISVILLE METRO POLICE DEPT,US0060,,SHELBYVILLE,RD,,10.396,,EVERGREEN,,,,,2,1,0,1,CLOUDY,WET,False,FEDERAL,COLLISION WITH BICYCLE,SINGLE VEHICLE,STRAIGHT & LEVEL,DARK-HWY LIGHTED/ON,False,2017-07-07 23:35:00-04:00,38.2485657,-85.5313291,True,False,FRIDAY
LOUISVILLE METRO POLICE DEPT,US0060,,FRANKFORT,AVE,,0.546,,,,,,,2,1,0,0,CLEAR,DRY,False,FEDERAL,COLLISION WITH BICYCLIST,SINGLE VEHICLE,STRAIGHT & LEVEL,DAYLIGHT,False,2017-07-10 10:45:00-04:00,38.2546609,-85.7100339,False,False,MONDAY
LOUISVILLE METRO POLICE DEPT,,4200,MEDALLION,CT,,0.012,,,,,,,2,1,0,0,CLEAR,DRY,False,NONE OF THE ABOVE,COLLISION WITH BICYCLIST,SINGLE VEHICLE,STRAIGHT & LEVEL,DAYLIGHT,False,2017-07-11 13:08:00-04:00,38.1667757,-85.6815594,False,False,TUESDAY
LOUISVILLE METRO POLICE DEPT,,,NORRIS,PL,,0.301,,BONNYCASTLE,,,,,2,1,0,0,CLOUDY,DRY,False,LOCAL STREET,COLLISION WITH BICYCLE,SINGLE VEHICLE,STRAIGHT & LEVEL,DAYLIGHT,False,2017-07-11 16:37:00-04:00,38.22808,-85.709352,False,False,TUESDAY
LOUISVILLE METRO POLICE DEPT,KY3082,,BANK,ST,,1.26,,,,,,,2,1,0,0,CLEAR,DRY,False,STATE,COLLISION WITH BICYCLIST,SINGLE VEHICLE,STRAIGHT & LEVEL,DAYLIGHT,False,2017-07-11 17:00:00-04:00,38.2683044,-85.7881387,False,False,TUESDAY
LOUISVILLE METRO POLICE DEPT,US0031E,,BARDSTOWN,RD,,8.43,,,,WATTERSON,,WATTERSON,2,1,1,0,CLOUDY,DRY,False,FEDERAL,COLLISION WITH BICYCLIST,SINGLE VEHICLE,STRAIGHT & LEVEL,DARK-HWY NOT LIGHTED,False,2017-07-13 01:50:00-04:00,38.1789809,-85.6227626,False,True,THURSDAY
LOUISVILLE METRO POLICE DEPT,KY1020,,2ND,ST,S,10.416,,BLOOM,,,,,2,1,0,1,CLEAR,DRY,False,STATE,COLLISION WITH BICYCLE,SINGLE VEHICLE,STRAIGHT & LEVEL,DAYLIGHT,False,2017-07-13 09:00:00-04:00,38.2217074,-85.7593105,True,False,THURSDAY
LOUISVILLE METRO POLICE DEPT,,,YORK,ST,,0.36,,,,,,,2,1,0,1,CLEAR,DRY,True,LOCAL STREET,COLLISION WITH BICYCLIST,SINGLE VEHICLE,STRAIGHT & LEVEL,DAYLIGHT,False,2017-07-14 15:45:00-04:00,38.2442458,-85.7587689,True,False,FRIDAY
LOUISVILLE METRO POLICE DEPT,,,MACON,AVE,,0.004,US0060A,LEXINGTON,,,,,2,1,0,1,CLEAR,DRY,False,LOCAL STREET,COLLISION WITH BICYCLE,SINGLE VEHICLE,STRAIGHT & LEVEL,DAYLIGHT,False,2017-07-16 19:54:00-04:00,38.2520273,-85.6597745,True,False,SUNDAY
LOUISVILLE METRO POLICE DEPT,,,16TH,ST,S,0.734,US0150,BROADWAY,,,,,2,1,0,1,CLEAR,DRY,False,LOCAL STREET,COLLISION WITH BICYCLE,SINGLE VEHICLE,STRAIGHT & LEVEL,DAYLIGHT,False,2017-07-18 11:00:00-04:00,38.2485802,-85.7781855,True,False,TUESDAY
JEFFERSONTOWN POLICE DEPT,,9800,LINN STATION,RD,,1.272,,,,,,,2,1,0,1,CLOUDY,DRY,False,LOCAL STREET,COLLISION WITH BICYCLIST,SINGLE VEHICLE,STRAIGHT & LEVEL,DAYLIGHT,False,2017-07-20 00:00:00-04:00,38.2279022,-85.5752596,True,False,THURSDAY
LOUISVILLE METRO POLICE DEPT,,,HIKES,LN,,2.86,,EL PATIO,,,,,2,1,0,1,CLEAR,DRY,False,LOCAL STREET,COLLISION WITH BICYCLE,SINGLE VEHICLE,STRAIGHT & LEVEL,DARK-HWY LIGHTED/ON,False,2017-07-28 21:05:00-04:00,38.2166879,-85.6311141,True,False,FRIDAY
LOUISVILLE METRO POLICE DEPT,KY1020,,SOUTHERN,PKWY,,8.001,,WELLINGTON,,,,,2,1,0,1,CLEAR,DRY,False,STATE,COLLISION WITH BICYCLE,SINGLE VEHICLE,CURVE & LEVEL,DAYLIGHT,False,2017-07-29 13:19:00-04:00,38.1841092,-85.7675946,True,False,SATURDAY
LOUISVILLE METRO POLICE DEPT,,,CHESTNUT,ST,W,2.09,,,,,,,2,1,0,0,CLEAR,DRY,False,LOCAL STREET,COLLISION WITH BICYCLIST,SINGLE VEHICLE,STRAIGHT & LEVEL,DAYLIGHT,False,2017-07-30 13:20:00-04:00,38.2495076,-85.7628548,False,False,SUNDAY
LOUISVILLE METRO POLICE DEPT,US0031W,,MAIN,ST,W,21.748,,6TH,,,,,2,1,0,0,CLEAR,DRY,False,FEDERAL,COLLISION WITH BICYCLE,SINGLE VEHICLE,STRAIGHT & GRADE,DAYLIGHT,False,2017-07-30 15:45:00-04:00,38.2569983,-85.7598679,False,False,SUNDAY
LOUISVILLE METRO POLICE DEPT,,,KESWICK,BLVD,,0.399,,,,,,,3,2,0,0,CLEAR,DRY,False,LOCAL STREET,COLLISION WITH BICYCLIST,ANGLE,STRAIGHT & LEVEL,DUSK,False,2017-08-02 20:00:00-04:00,38.217252,-85.7372792,False,False,WEDNESDAY
SHIVELY POLICE DEPARTMENT,,,FARNSLEY,RD,,1.428,,RIEDLEY,,,,,2,1,1,0,CLEAR,DRY,False,LOCAL STREET,COLLISION WITH BICYCLE,SINGLE VEHICLE,STRAIGHT & LEVEL,DAYLIGHT,False,2017-08-03 18:35:00-04:00,38.203144723,-85.828061658,False,True,THURSDAY
LOUISVILLE METRO POLICE DEPT,,,JEFFERSON,ST,W,2.3,,26TH,,,,,2,1,0,1,CLEAR,DRY,False,LOCAL STREET,COLLISION WITH BICYCLE,SINGLE VEHICLE,STRAIGHT & LEVEL,DAYLIGHT,False,2017-08-03 18:43:00-04:00,38.2579278,-85.7939338,True,False,THURSDAY
LOUISVILLE METRO POLICE DEPT,US0031E,,BARDSTOWN,RD,,15.199,,BEECHWOOD,,,,,2,1,0,0,CLOUDY,DRY,False,FEDERAL,COLLISION WITH BICYCLE,SINGLE VEHICLE,STRAIGHT & LEVEL,DAYLIGHT,False,2017-08-04 11:45:00-04:00,38.2365487,-85.7176138,False,False,FRIDAY
LOUISVILLE METRO POLICE DEPT,US0031E,,BARDSTOWN,RD,,13.637,,DOUGLASS,,,,,2,1,0,1,CLOUDY,DRY,False,FEDERAL,COLLISION WITH BICYCLE,SINGLE VEHICLE,STRAIGHT & LEVEL,DAYLIGHT,False,2017-08-11 17:32:00-04:00,38.2245214,-85.6938729,True,False,FRIDAY
LOUISVILLE METRO POLICE DEPT,KY1142,,PALATKA,RD,,0.416,,,,,,,2,1,0,1,CLEAR,DRY,False,STATE,COLLISION WITH BICYCLIST,SINGLE VEHICLE,CURVE & LEVEL,DARK-HWY NOT LIGHTED,False,2017-08-11 21:54:00-04:00,38.1538186,-85.7946866,True,False,FRIDAY
LOUISVILLE METRO POLICE DEPT,KY1932,,CHENOWETH,LN,,6.548,,,US0042  ,BROWNSBORO,,OLYMPIC,2,1,0,0,CLEAR,DRY,False,STATE,COLLISION WITH BICYCLIST,SINGLE VEHICLE,STRAIGHT & LEVEL,DAYLIGHT,False,2017-08-12 12:38:00-04:00,38.2652776,-85.6654869,False,False,SATURDAY
LOUISVILLE METRO POLICE DEPT,KY1932,,CHENOWETH,LN,,6.548,,,US0042  ,BROWNSBORO,,OLYMPIC,2,1,0,0,CLEAR,DRY,False,STATE,COLLISION WITH BICYCLIST,SINGLE VEHICLE,STRAIGHT & LEVEL,DAYLIGHT,False,2017-08-12 12:38:00-04:00,38.2652776,-85.6654869,False,False,SATURDAY
LOUISVILLE METRO POLICE DEPT,,,POPE LICK,RD,S,2.745,,,,,,,2,2,0,1,CLEAR,DRY,False,COUNTY ROAD,COLLISION WITH BICYCLIST,REAR END,STRAIGHT & LEVEL,DAYLIGHT,False,2017-08-13 12:51:00-04:00,38.21972,-85.5079058,True,False,SUNDAY
LOUISVILLE METRO POLICE DEPT,KY0864,,POPLAR LEVEL,RD,,9.226,,INDIAN,,,,,2,1,0,0,CLEAR,DRY,False,STATE,COLLISION WITH BICYCLE,SINGLE VEHICLE,STRAIGHT & LEVEL,DAWN,False,2017-08-15 06:35:00-04:00,38.171553,-85.6847956,False,False,TUESDAY
LOUISVILLE METRO POLICE DEPT,US0031W,,DIXIE,HWY,,6.961,,FLOWERVALE,,,,,2,1,0,1,CLEAR,DRY,False,FEDERAL,COLLISION WITH BICYCLE,SINGLE VEHICLE,STRAIGHT & LEVEL,DAYLIGHT,False,2017-08-19 17:50:00-04:00,38.0856908,-85.8797836,True,False,SATURDAY
LOUISVILLE METRO POLICE DEPT,US0150,,BROADWAY,,E,3.18,,,,,,,2,1,0,0,CLEAR,DRY,False,FEDERAL,COLLISION WITH BICYCLIST,SINGLE VEHICLE,STRAIGHT & LEVEL,DARK-HWY LIGHTED/ON,False,2017-08-20 20:52:00-04:00,38.2449707,-85.7437234,False,False,SUNDAY
LOUISVILLE METRO POLICE DEPT,,,HILL,ST,W,0.23,,,KY1020  ,3RD,,4TH,2,1,0,1,CLEAR,DRY,False,LOCAL STREET,COLLISION WITH BICYCLIST,SINGLE VEHICLE,STRAIGHT & LEVEL,DAYLIGHT,False,2017-08-21 13:27:00-04:00,38.2259287,-85.761116,True,False,MONDAY
LOUISVILLE METRO POLICE DEPT,,,MUD,LN,,0.897,,,        ,ELDA,,BROOKLEY,2,1,0,0,CLEAR,DRY,False,LOCAL STREET,COLLISION WITH BICYCLIST,SINGLE VEHICLE,STRAIGHT & LEVEL,DARK-HWY LIGHTED/OFF,False,2017-08-21 22:20:00-04:00,38.088146,-85.6782821,False,False,MONDAY
LOUISVILLE METRO POLICE DEPT,US0031W,,DIXIE,HWY,,10.438,,,        ,PAGES,,STEPHAN,2,1,0,1,CLEAR,DRY,False,FEDERAL,COLLISION WITH BICYCLIST,SINGLE VEHICLE,STRAIGHT & LEVEL,DAYLIGHT,False,2017-08-25 11:39:00-04:00,38.1293826,-85.8484052,True,False,FRIDAY
LOUISVILLE METRO POLICE DEPT,,,VETTER,AVE,,0.043,,,        ,QUEEN,,OLEANDA,2,1,0,1,CLEAR,DRY,False,LOCAL STREET,COLLISION WITH BICYCLIST,SINGLE VEHICLE,STRAIGHT & LEVEL,DAYLIGHT,False,2017-08-25 16:20:00-04:00,38.2012126,-85.781096,True,False,FRIDAY
LOUISVILLE METRO POLICE DEPT,,,VETTER,AVE,,0.043,,,        ,QUEEN,,OLEANDA,2,1,0,1,CLEAR,DRY,False,LOCAL STREET,COLLISION WITH BICYCLIST,SINGLE VEHICLE,STRAIGHT & LEVEL,DAYLIGHT,False,2017-08-25 16:20:00-04:00,38.2012126,-85.781096,True,False,FRIDAY
LOUISVILLE METRO POLICE DEPT,,,MONTICELLO,AVE,,0.062,,SHELTON,,,,,2,1,0,1,CLEAR,DRY,False,LOCAL STREET,COLLISION WITH BICYCLE,SINGLE VEHICLE,CURVE & LEVEL,DUSK,False,2017-08-26 21:30:00-04:00,38.1893223,-85.6609316,True,False,SATURDAY
LOUISVILLE METRO POLICE DEPT,,,BROOK,ST,N,0.062,,,        ,WASHINGTON,,WITHERSPOON,2,1,0,0,CLEAR,DRY,True,LOCAL STREET,COLLISION WITH BICYCLIST,SINGLE VEHICLE,STRAIGHT & LEVEL,DAYLIGHT,False,2017-08-27 13:30:00-04:00,38.2567893,-85.7497765,False,False,SUNDAY
LOUISVILLE METRO POLICE DEPT,,,INDIAN,TRL,E,1.013,,,,,,,2,1,0,1,CLEAR,DRY,False,LOCAL STREET,COLLISION WITH BICYCLIST,SINGLE VEHICLE,STRAIGHT & LEVEL,DAYLIGHT,False,2017-08-27 18:47:00-04:00,38.170769,-85.6882994,True,False,SUNDAY
LOUISVILLE METRO POLICE DEPT,,,YORK,ST,,0.366,,LIBRARY,,,,,2,1,0,1,CLOUDY,DRY,True,LOCAL STREET,COLLISION WITH BICYCLE,SINGLE VEHICLE,STRAIGHT & GRADE,DAYLIGHT,False,2017-08-29 16:19:00-04:00,38.2442003,-85.7586613,True,False,TUESDAY
UNIV. OF LOUISVILLE POLICE,,430,CARDINAL,BLVD,W,0.348,,,,,,,2,1,0,0,CLEAR,DRY,True,NONE OF THE ABOVE,COLLISION WITH BICYCLIST,SINGLE VEHICLE,CURVE & LEVEL,DARK-HWY LIGHTED/ON,False,2017-09-04 20:00:00-04:00,38.221120326,-85.764599772,False,False,MONDAY
ST. MATTHEWS POLICE DEPARTMENT,,,HUBBARDS,LN,S,0.005,,,,,,,2,2,0,0,RAINING,WET,False,LOCAL STREET,COLLISION WITH BICYCLIST,ANGLE,STRAIGHT & LEVEL,DAYLIGHT,False,2017-09-13 16:55:00-04:00,38.251579946,-85.640000371,False,False,WEDNESDAY
JEFFERSONTOWN POLICE DEPT,KY0155,9410,TAYLORSVILLE,RD,,10.688,,,,,,,2,1,0,1,CLEAR,DRY,False,STATE,COLLISION WITH BICYCLIST,SINGLE VEHICLE,STRAIGHT & LEVEL,DAYLIGHT,False,2017-09-16 14:51:00-04:00,38.207532972,-85.58307099,True,False,SATURDAY
SHIVELY POLICE DEPARTMENT,US0031W,3200,DIXIE,HWY,,16.237,,,        ,CLINTON,,GILLETTE,2,1,0,1,CLEAR,DRY,True,LOCAL STREET,COLLISION WITH BICYCLIST,SINGLE VEHICLE,STRAIGHT & LEVEL,DAYLIGHT,False,2017-09-16 16:18:00-04:00,38.20399161,-85.800293154,True,False,SATURDAY
LOUISVILLE METRO POLICE DEPT,KY0061,634,PRESTON,ST,S,12.372,,,,,,,2,1,0,1,CLEAR,DRY,False,STATE,COLLISION WITH BICYCLIST,SINGLE VEHICLE,STRAIGHT & LEVEL,DAYLIGHT,False,2017-09-19 10:00:00-04:00,38.2469436,-85.7473397,True,False,TUESDAY
LOUISVILLE METRO POLICE DEPT,,,PINOAK VIEW,DR,,0.223,,,,,,,2,1,0,0,CLEAR,DRY,False,LOCAL STREET,COLLISION WITH BICYCLIST,SINGLE VEHICLE,STRAIGHT & LEVEL,DUSK,False,2017-09-26 19:00:00-04:00,38.1858223,-85.5619645,False,False,TUESDAY
ST. MATTHEWS POLICE DEPARTMENT,,,HUBBARDS,LN,S,0.084,,,US0060  ,SHELBYVILLE,,NORBOURNE,2,1,0,0,CLEAR,DRY,False,NONE OF THE ABOVE,COLLISION WITH BICYCLIST,SINGLE VEHICLE,STRAIGHT & LEVEL,DAYLIGHT,False,2017-09-28 16:56:00-04:00,38.250442317,-85.640156352,False,False,THURSDAY
LOUISVILLE METRO POLICE DEPT,,,7TH,ST,S,2.023,US0150,BROADWAY,,,,,2,1,0,1,CLEAR,DRY,False,COUNTY ROAD,COLLISION WITH BICYCLE,SINGLE VEHICLE,STRAIGHT & LEVEL,DAYLIGHT,False,2017-09-28 17:04:00-04:00,38.2464642,-85.763374,True,False,THURSDAY
LOUISVILLE METRO POLICE DEPT,I 0065,,I65 N EXIT131A OFF RAMP,,,0.87,I 0065,I65 N EXIT131A RAMP TO I264 W,,,,,2,2,0,0,CLEAR,DRY,False,INTERSTATE,COLLISION WITH BICYCLE,SIDESWIPE-SAME DIRECTION,STRAIGHT & LEVEL,DARK-HWY LIGHTED/ON,False,2017-09-29 04:23:00-04:00,38.1874864,-85.7264601,False,False,FRIDAY
LOUISVILLE METRO POLICE DEPT,US0031E,,MARKET,ST,E,16.717,,WENZEL,,,,,2,1,0,1,CLEAR,DRY,False,FEDERAL,COLLISION WITH BICYCLE,SINGLE VEHICLE,STRAIGHT & LEVEL,DAYLIGHT,False,2017-09-29 13:40:00-04:00,38.2527513,-85.7340378,True,False,FRIDAY
LOUISVILLE METRO POLICE DEPT,,,BLENHEIM,RD,,0.224,,HUBBARDS,,,,,2,1,0,0,CLEAR,DRY,False,LOCAL STREET,COLLISION WITH BICYCLE,SINGLE VEHICLE,STRAIGHT & LEVEL,DAYLIGHT,False,2017-09-30 13:17:00-04:00,38.2561863,-85.6394439,False,False,SATURDAY
LOUISVILLE METRO POLICE DEPT,,,CRAWFORD,AVE,,0.009,US0031W,DIXIE,,,,,2,1,0,1,CLEAR,DRY,False,LOCAL STREET,COLLISION WITH BICYCLE,SINGLE VEHICLE,STRAIGHT & LEVEL,DAYLIGHT,False,2017-10-03 13:57:00-04:00,38.1500788,-85.837209,True,False,TUESDAY
LOUISVILLE METRO POLICE DEPT,KY0061,,PRESTON,HWY,,5.946,,,        ,VINEWOOD,,BENNETT,2,1,0,1,CLOUDY,DRY,False,STATE,COLLISION WITH BICYCLIST,SINGLE VEHICLE,STRAIGHT & HILLCREST,DAYLIGHT,False,2017-10-12 12:19:00-04:00,38.1643798,-85.7019517,True,False,THURSDAY
SHIVELY POLICE DEPARTMENT,KY2049,,CRUMS,LN,,0.651,,,        ,BURRELL,,BURRELL,2,1,0,1,CLEAR,DRY,False,STATE,COLLISION WITH BICYCLIST,SINGLE VEHICLE,STRAIGHT & LEVEL,DAYLIGHT,False,2017-10-16 16:16:00-04:00,38.195109004,-85.826367793,True,False,MONDAY
LOUISVILLE METRO POLICE DEPT,KY1020,,3RD,ST,S,10.323,,CARDINAL,,,,,2,1,0,0,CLEAR,DRY,False,STATE,COLLISION WITH BICYCLE,SINGLE VEHICLE,STRAIGHT & LEVEL,DAWN,False,2017-10-22 19:58:00-04:00,38.2205532,-85.761176,False,False,SUNDAY
LOUISVILLE METRO POLICE DEPT,US0031W,,DIXIE,HWY,,10.501,,PAGES,,,,,2,1,0,0,CLEAR,DRY,False,FEDERAL,COLLISION WITH BICYCLE,SINGLE VEHICLE,STRAIGHT & LEVEL,DARK-HWY LIGHTED/ON,False,2017-11-03 10:00:00-04:00,38.1301812,-85.8478458,False,False,FRIDAY
LOUISVILLE METRO POLICE DEPT,I 0265,,I265 S,,,30.311,,,I 0265  ,I265 S EXIT30 ON RAMP FROM KY146,I 0265,I265 S EXIT30 OFF RAMP KY146,2,2,0,0,CLOUDY,DRY,False,INTERSTATE,COLLISION WITH BICYCLIST,REAR END,STRAIGHT & LEVEL,DAYLIGHT,False,2017-11-05 14:57:00-05:00,38.286067,-85.5127418,False,False,SUNDAY
LOUISVILLE METRO POLICE DEPT,,,CHESTNUT,ST,W,2.542,KY1020,2ND,,,,,2,1,0,1,CLEAR,DRY,True,LOCAL STREET,COLLISION WITH BICYCLE,SINGLE VEHICLE,STRAIGHT & LEVEL,DARK (UNKNOWN ROADWAY LIGHTING),False,2017-11-10 19:12:00-05:00,38.2485865,-85.7546379,True,False,FRIDAY
LOUISVILLE METRO POLICE DEPT,,,30TH,ST,N,0.553,,,,,,,2,1,0,1,CLEAR,DRY,True,LOCAL STREET,COLLISION WITH BICYCLIST,SINGLE VEHICLE,STRAIGHT & LEVEL,DARK-HWY NOT LIGHTED,False,2017-11-13 18:10:00-05:00,38.2635249,-85.8002771,True,False,MONDAY
LOUISVILLE METRO POLICE DEPT,,,WILSON,AVE,,1.679,,HEMLOCK,,,,,2,1,0,1,CLEAR,DRY,False,LOCAL STREET,COLLISION WITH BICYCLE,SINGLE VEHICLE,STRAIGHT & LEVEL,DAYLIGHT,False,2017-11-22 17:01:00-05:00,38.2301964,-85.8038105,True,False,WEDNESDAY
LOUISVILLE METRO POLICE DEPT,US0060A,3340,TAYLOR,BLVD,,1.785,,,,,,,2,1,0,1,CLEAR,DRY,False,FEDERAL,COLLISION WITH BICYCLIST,SINGLE VEHICLE,STRAIGHT & LEVEL,DAYLIGHT,False,2017-11-28 15:39:00-05:00,38.2005066,-85.7825728,True,False,TUESDAY
LOUISVILLE METRO POLICE DEPT,US0031E,,MARKET,ST,E,17.265,KY0061,JACKSON,,,,,2,1,0,0,CLEAR,DRY,False,FEDERAL,COLLISION WITH BICYCLE,SINGLE VEHICLE,STRAIGHT & LEVEL,DARK-HWY LIGHTED/ON,False,2017-12-01 23:20:00-05:00,38.253831,-85.744082,False,False,FRIDAY
LOUISVILLE METRO POLICE DEPT,KY1931,,GREENWOOD,RD,,2.132,,FEYHURST,,,,,2,1,0,1,CLEAR,DRY,False,STATE,COLLISION WITH BICYCLE,SINGLE VEHICLE,STRAIGHT & LEVEL,DARK-HWY NOT LIGHTED,False,2017-12-02 18:22:00-05:00,38.1443103,-85.8581917,True,False,SATURDAY
LOUISVILLE METRO POLICE DEPT,,6600,GRADE,LN,,2.387,,,,,,,2,1,0,1,RAINING,WET,False,LOCAL STREET,COLLISION WITH BICYCLIST,SINGLE VEHICLE,STRAIGHT & LEVEL,DARK-HWY LIGHTED/OFF,False,2017-12-05 07:07:00-05:00,38.1538153,-85.7336441,True,False,TUESDAY
LOUISVILLE METRO POLICE DEPT,,6600,GRADE,LN,,2.387,,,,,,,2,1,0,1,RAINING,WET,False,LOCAL STREET,COLLISION WITH BICYCLIST,SINGLE VEHICLE,STRAIGHT & LEVEL,DARK-HWY LIGHTED/OFF,False,2017-12-05 07:07:00-05:00,38.1538153,-85.7336441,True,False,TUESDAY
LOUISVILLE METRO POLICE DEPT,,,JEANINE,DR,,0.413,,WOODED,,,,,2,1,0,1,CLOUDY,DRY,False,LOCAL STREET,COLLISION WITH BICYCLE,SINGLE VEHICLE,STRAIGHT & LEVEL,DUSK,False,2017-12-14 17:09:00-05:00,38.1636178,-85.6880079,True,False,THURSDAY
LOUISVILLE METRO POLICE DEPT,KY0864,,POPLAR LEVEL,RD,,8.064,,JEFFERSON,,,,,2,1,0,1,CLEAR,DRY,False,STATE,COLLISION WITH BICYCLE,SINGLE VEHICLE,STRAIGHT & LEVEL,DARK-HWY LIGHTED/OFF,False,2017-12-19 10:00:00-05:00,38.1600301,-85.6714798,True,False,TUESDAY
LOUISVILLE METRO POLICE DEPT,,,WOODGATE,LN,,0.778,,ARJAY,,,,,2,1,0,1,CLEAR,DRY,False,LOCAL STREET,COLLISION WITH BICYCLE,SINGLE VEHICLE,STRAIGHT & LEVEL,DARK (UNKNOWN ROADWAY LIGHTING),False,2017-12-21 19:56:00-05:00,38.1982569,-85.6263092,True,False,THURSDAY
LOUISVILLE METRO POLICE DEPT,,,TRADE PORT,DR,,0.424,,,,,,,2,1,0,0,RAINING,WATER (STANDING OR MOVING),False,LOCAL STREET,COLLISION WITH BICYCLIST,SINGLE VEHICLE,STRAIGHT & LEVEL,DARK-HWY LIGHTED/OFF,False,2017-12-22 21:51:00-05:00,38.1248191,-85.8906576,False,False,FRIDAY